{
    "name": "Dracula.min White Theme",
    "author": "Ashraf Hadden",
    "maintainers": [
        "Ashraf Hadden <ashrafhadden@gmail.com>"
    ],
    "semanticClass": "theme.dracula",
    "dracula": {
        "base": [
            "#ffffff",
            "#282A36",
            "#cbcee5",
            "#8393c7",
            "#048395",
            "#008a0d",
            "#a56a20",
            "#c74493",
            "#8963c4",
            "#de353d",
            "#707e0f"
        ],
        "ansi": [
            "#f1f2ff",
            "#de353d",
            "#008a0d",
            "#707e0f",
            "#8963c4",
            "#c74493",
            "#048395",
            "#282A36",
            "#8393c7",
            "#d1454b",
            "#008a2a",
            "#777b28",
            "#8c66b3",
            "#b8509c",
            "#1e8484",
            "#777777"
        ],
        "brightOther": [
            "#717e0e",
            "#038396"
        ],
        "other": [
            "#cbcee575",
            "#ffffff",
            "#777777",
            "#ffffff",
            "#ffffff",
            "#ffffff",
            "#ffffff",
            "#ffffff"
        ]
    },
    "colors": {
        "terminal.background": "#ffffff",
        "terminal.border": "#ffffff",
        "terminal.foreground": "#282A36",
        "terminal.ansiBrightBlack": "#8393c7",
        "terminal.ansiBrightRed": "#d1454b",
        "terminal.ansiBrightGreen": "#008a2a",
        "terminal.ansiBrightYellow": "#777b28",
        "terminal.ansiBrightBlue": "#8c66b3",
        "terminal.ansiBrightMagenta": "#b8509c",
        "terminal.ansiBrightCyan": "#1e8484",
        "terminal.ansiBrightWhite": "#777777",
        "terminal.ansiBlack": "#f1f2ff",
        "terminal.ansiRed": "#de353d",
        "terminal.ansiGreen": "#008a0d",
        "terminal.ansiYellow": "#707e0f",
        "terminal.ansiBlue": "#8963c4",
        "terminal.ansiMagenta": "#c74493",
        "terminal.ansiCyan": "#048395",
        "terminal.ansiWhite": "#282A36",
        "contrastBorder": "#ffffff",
        "contrastActiveBorder": null,
        "focusBorder": "#8393c7",
        "foreground": "#282A36",
        "widget.shadow": null,
        "selection.background": "#8963c4",
        "errorForeground": "#de353d",
        "button.background": "#cbcee5",
        "button.foreground": "#282A36",
        "button.hoverBackground": null,
        "dropdown.background": "#ffffff",
        "dropdown.border": "#ffffff",
        "dropdown.foreground": "#282A36",
        "input.background": "#ffffff",
        "input.foreground": "#282A36",
        "input.border": "#ffffff",
        "input.placeholderForeground": "#8393c7",
        "inputOption.activeBorder": "#8963c4",
        "inputValidation.infoForeground": null,
        "inputValidation.infoBackground": null,
        "inputValidation.infoBorder": "#c74493",
        "inputValidation.warningForeground": null,
        "inputValidation.warningBackground": null,
        "inputValidation.warningBorder": "#a56a20",
        "inputValidation.errorForeground": null,
        "inputValidation.errorBackground": null,
        "inputValidation.errorBorder": "#de353d",
        "scrollbar.shadow": null,
        "scrollbarSlider.activeBackground": null,
        "scrollbarSlider.background": null,
        "scrollbarSlider.hoverBackground": null,
        "badge.foreground": "#282A36",
        "badge.background": "#cbcee5",
        "progressBar.background": "#c74493",
        "list.activeSelectionBackground": "#cbcee5",
        "list.activeSelectionForeground": "#282A36",
        "list.dropBackground": "#cbcee5",
        "list.focusBackground": "#cbcee575",
        "list.highlightForeground": "#048395",
        "list.hoverBackground": "#cbcee575",
        "list.inactiveSelectionBackground": "#cbcee575",
        "list.inactiveSelectionForeground": null,
        "list.warningForeground": "#a56a20",
        "list.errorForeground": "#de353d",
        "list.hoverForeground": null,
        "list.focusForeground": null,
        "activityBar.background": "#ffffff",
        "activityBar.inactiveForeground": "#8393c7",
        "activityBar.dropBackground": null,
        "activityBar.foreground": "#282A36",
        "activityBar.border": null,
        "activityBarBadge.background": "#c74493",
        "activityBarBadge.foreground": "#282A36",
        "sideBar.background": "#ffffff",
        "sideBar.foreground": null,
        "sideBar.border": "#ffffff",
        "sideBarTitle.foreground": "#282A36",
        "sideBarSectionHeader.background": "#ffffff",
        "sideBarSectionHeader.foreground": null,
        "sideBarSectionHeader.border": "#ffffff",
        "editorGroup.background": null,
        "editorGroup.border": "#8963c4",
        "editorGroup.dropBackground": "#ffffff",
        "editorGroupHeader.noTabsBackground": null,
        "editorGroupHeader.tabsBackground": "#ffffff",
        "editorGroupHeader.tabsBorder": null,
        "tab.activeBackground": "#ffffff",
        "tab.activeForeground": "#282A36",
        "tab.border": "#ffffff",
        "tab.activeBorder": "#c7449380",
        "tab.unfocusedActiveBorder": null,
        "tab.inactiveBackground": "#ffffff",
        "tab.inactiveForeground": "#8393c7",
        "tab.unfocusedActiveForeground": null,
        "tab.unfocusedInactiveForeground": null,
        "editor.foreground": "#282A36",
        "editor.background": "#ffffff",
        "editorLineNumber.foreground": "#8393c7",
        "editorCursor.foreground": null,
        "editor.selectionBackground": "#cbcee5",
        "editor.selectionHighlightBackground": "#ffffff",
        "editor.inactiveSelectionBackground": null,
        "editor.wordHighlightBackground": "#04839550",
        "editor.wordHighlightStrongBackground": "#008a0d50",
        "editor.findMatchBackground": "#a56a2080",
        "editor.findMatchHighlightBackground": "#77777740",
        "editor.findRangeHighlightBackground": "#cbcee575",
        "editor.hoverHighlightBackground": "#ffffff",
        "editor.lineHighlightBackground": null,
        "editor.lineHighlightBorder": "#cbcee5",
        "editorLink.activeForeground": "#048395",
        "editor.rangeHighlightBackground": "#8963c415",
        "editor.snippetTabstopHighlightBackground": "#ffffff",
        "editor.snippetTabstopHighlightBorder": "#8393c7",
        "editor.snippetFinalTabstopHighlightBackground": "#ffffff",
        "editor.snippetFinalTabstopHighlightBorder": "#008a0d",
        "editorWhitespace.foreground": "#ffffff",
        "editorIndentGuide.background": "#ffffff",
        "editorIndentGuide.activeBackground": "#77777745",
        "editorRuler.foreground": "#ffffff",
        "editorCodeLens.foreground": "#8393c7",
        "editorBracketMatch.background": null,
        "editorBracketMatch.border": null,
        "editorOverviewRuler.border": "#ffffff",
        "editorOverviewRuler.findMatchForeground": null,
        "editorOverviewRuler.rangeHighlightForeground": null,
        "editorOverviewRuler.selectionHighlightForeground": "#a56a20",
        "editorOverviewRuler.wordHighlightForeground": "#048395",
        "editorOverviewRuler.wordHighlightStrongForeground": "#008a0d",
        "editorOverviewRuler.modifiedForeground": "#04839580",
        "editorOverviewRuler.addedForeground": "#008a0d80",
        "editorOverviewRuler.deletedForeground": "#de353d80",
        "editorOverviewRuler.errorForeground": "#de353d80",
        "editorOverviewRuler.warningForeground": "#a56a2080",
        "editorOverviewRuler.infoForeground": "#04839580",
        "editorError.foreground": "#de353d",
        "editorError.border": null,
        "editorWarning.foreground": "#048395",
        "editorWarning.border": null,
        "editorGutter.background": null,
        "editorGutter.modifiedBackground": "#04839580",
        "editorGutter.addedBackground": "#008a0d80",
        "editorGutter.deletedBackground": "#de353d80",
        "gitDecoration.modifiedResourceForeground": "#048395",
        "gitDecoration.deletedResourceForeground": "#de353d",
        "gitDecoration.untrackedResourceForeground": "#008a0d",
        "gitDecoration.ignoredResourceForeground": "#8393c7",
        "gitDecoration.conflictingResourceForeground": "#a56a20",
        "diffEditor.insertedTextBackground": "#008a0d20",
        "diffEditor.insertedTextBorder": null,
        "diffEditor.removedTextBackground": "#de353d50",
        "diffEditor.removedTextBorder": null,
        "editorWidget.background": "#ffffff",
        "editorWidgetBorder": null,
        "editorSuggestWidget.background": "#ffffff",
        "editorSuggestWidget.border": null,
        "editorSuggestWidget.foreground": "#282A36",
        "editorSuggestWidget.highlightForeground": null,
        "editorSuggestWidget.selectedBackground": "#cbcee5",
        "editorHoverWidget.background": "#ffffff",
        "editorHoverWidget.border": "#8393c7",
        "debugExceptionWidget.background": null,
        "debugExceptionWidget.border": null,
        "editorMarkerNavigation.background": "#ffffff",
        "editorMarkerNavigationError.background": null,
        "editorMarkerNavigationWarning.background": null,
        "peekView.border": "#cbcee5",
        "peekViewEditor.background": "#ffffff",
        "peekViewEditorGutter.background": null,
        "peekViewEditor.matchHighlightBackground": "#707e0f80",
        "peekViewResult.background": "#ffffff",
        "peekViewResult.fileForeground": "#282A36",
        "peekViewResult.lineForeground": "#282A36",
        "peekViewResult.matchHighlightBackground": "#707e0f80",
        "peekViewResult.selectionBackground": "#cbcee5",
        "peekViewResult.selectionForeground": "#282A36",
        "peekViewTitle.background": "#ffffff",
        "peekViewTitleDescription.foreground": "#8393c7",
        "peekViewTitleLabel.foreground": "#282A36",
        "merge.currentHeaderBackground": "#008a0d90",
        "merge.currentContentBackground": null,
        "merge.incomingHeaderBackground": "#8963c490",
        "merge.incomingContentBackground": null,
        "merge.border": null,
        "editorOverviewRuler.currentContentForeground": "#008a0d",
        "editorOverviewRuler.incomingContentForeground": "#8963c4",
        "panel.background": "#ffffff",
        "panel.border": "#ffffff",
        "panelTitle.activeBorder": "#c74493",
        "panelTitle.activeForeground": "#282A36",
        "panelTitle.inactiveForeground": "#8393c7",
        "statusBar.background": "#ffffff",
        "statusBar.foreground": "#282A36",
        "statusBar.debuggingBackground": "#de353d",
        "statusBar.debuggingForeground": "#ffffff",
        "statusBar.noFolderBackground": "#ffffff",
        "statusBar.noFolderForeground": "#282A36",
        "statusBarItem.activeBackground": null,
        "statusBarItem.hoverBackground": null,
        "statusBarItem.prominentBackground": "#de353d",
        "statusBarItem.prominentHoverBackground": "#a56a20",
        "statusBarItem.remoteForeground": "#282A36",
        "statusBarItem.remoteBackground": "#8963c4",
        "statusBar.border": "#ffffff",
        "titleBar.activeBackground": "#ffffff",
        "titleBar.activeForeground": "#282A36",
        "titleBar.inactiveBackground": "#ffffff",
        "titleBar.inactiveForeground": "#8393c7",
        "notification.background": "#ffffff",
        "notification.foreground": "#282A36",
        "notification.buttonBackground": "#cbcee5",
        "notification.buttonForeground": "#282A36",
        "notification.buttonHoverBackground": "#cbcee575",
        "notification.errorBackground": "#de353d",
        "notification.errorForeground": "#282A36",
        "notification.infoBackground": "#048395",
        "notification.infoForeground": "#ffffff",
        "notification.warningBackground": "#a56a20",
        "notification.warningForeground": "#ffffff",
        "extensionButton.prominentForeground": "#282A36",
        "extensionButton.prominentBackground": "#008a0d90",
        "extensionButton.prominentHoverBackground": "#008a0d60",
        "pickerGroup.border": "#8963c4",
        "pickerGroup.foreground": "#048395",
        "debugToolBar.background": "#ffffff",
        "welcomePage.buttonBackground": null,
        "welcomePage.buttonHoverBackground": null,
        "walkThrough.embeddedEditorBackground": "#ffffff",
        "settings.headerForeground": "#282A36",
        "settings.modifiedItemForeground": "#a56a20",
        "settings.modifiedItemIndicator": "#a56a20",
        "settings.inactiveSelectedItemBorder": null,
        "settings.dropdownBackground": "#ffffff",
        "settings.dropdownForeground": "#282A36",
        "settings.dropdownBorder": "#ffffff",
        "settings.checkboxBackground": "#ffffff",
        "settings.checkboxForeground": "#282A36",
        "settings.checkboxBorder": "#ffffff",
        "settings.textInputBackground": "#ffffff",
        "settings.textInputForeground": "#282A36",
        "settings.textInputBorder": "#ffffff",
        "settings.numberInputBackground": "#ffffff",
        "settings.numberInputForeground": "#282A36",
        "settings.numberInputBorder": "#ffffff",
        "breadcrumb.foreground": "#8393c7",
        "breadcrumb.background": "#ffffff",
        "breadcrumb.focusForeground": "#282A36",
        "breadcrumb.activeSelectionForeground": "#282A36",
        "breadcrumbPicker.background": "#ffffff",
        "menu.separatorBackground": null,
        "listFilterWidget.background": "#ffffff",
        "listFilterWidget.outline": "#ffffff",
        "listFilterWidget.noMatchesOutline": "#de353d"
    },
    "tokenColors": [
        {
            "scope": [
                "emphasis"
            ],
            "settings": {
                "fontStyle": "italic"
            }
        },
        {
            "scope": [
                "strong"
            ],
            "settings": {
                "fontStyle": "bold"
            }
        },
        {
            "scope": [
                "header"
            ],
            "settings": {
                "foreground": "#8963c4"
            }
        },
        {
            "scope": [
                "source"
            ],
            "settings": {
                "foreground": "#282A36"
            }
        },
        {
            "scope": [
                "meta.diff",
                "meta.diff.header"
            ],
            "settings": {
                "foreground": "#8393c7"
            }
        },
        {
            "scope": [
                "markup.inserted"
            ],
            "settings": {
                "foreground": "#008a0d"
            }
        },
        {
            "scope": [
                "markup.deleted"
            ],
            "settings": {
                "foreground": "#de353d"
            }
        },
        {
            "scope": [
                "markup.changed"
            ],
            "settings": {
                "foreground": "#a56a20"
            }
        },
        {
            "scope": [
                "invalid"
            ],
            "settings": {
                "foreground": "#de353d",
                "fontStyle": "underline italic"
            }
        },
        {
            "scope": [
                "invalid.deprecated"
            ],
            "settings": {
                "foreground": "#282A36",
                "fontStyle": "underline italic"
            }
        },
        {
            "scope": [
                "entity.name.filename"
            ],
            "settings": {
                "foreground": "#707e0f"
            }
        },
        {
            "scope": [
                "markup.error"
            ],
            "settings": {
                "foreground": "#de353d"
            }
        },
        {
            "name": "Underlined markup",
            "scope": [
                "markup.underline"
            ],
            "settings": {
                "fontStyle": "underline"
            }
        },
        {
            "name": "Bold markup",
            "scope": [
                "markup.bold"
            ],
            "settings": {
                "fontStyle": "bold",
                "foreground": "#a56a20"
            }
        },
        {
            "name": "Markup headings",
            "scope": [
                "markup.heading"
            ],
            "settings": {
                "fontStyle": "bold",
                "foreground": "#8963c4"
            }
        },
        {
            "name": "Markup italic",
            "scope": [
                "markup.italic"
            ],
            "settings": {
                "foreground": "#707e0f",
                "fontStyle": "italic"
            }
        },
        {
            "name": "Bullets, lists (prose)",
            "scope": [
                "beginning.punctuation.definition.list.markdown",
                "beginning.punctuation.definition.quote.markdown",
                "punctuation.definition.link.restructuredtext"
            ],
            "settings": {
                "foreground": "#048395"
            }
        },
        {
            "name": "Inline code (prose)",
            "scope": [
                "markup.inline.raw",
                "markup.raw.restructuredtext"
            ],
            "settings": {
                "foreground": "#008a0d"
            }
        },
        {
            "name": "Links (prose)",
            "scope": [
                "markup.underline.link",
                "markup.underline.link.image"
            ],
            "settings": {
                "foreground": "#048395"
            }
        },
        {
            "name": "Link text, image alt text (prose)",
            "scope": [
                "meta.link.reference.def.restructuredtext",
                "punctuation.definition.directive.restructuredtext",
                "string.other.link.description",
                "string.other.link.title"
            ],
            "settings": {
                "foreground": "#c74493"
            }
        },
        {
            "name": "Blockquotes (prose)",
            "scope": [
                "entity.name.directive.restructuredtext",
                "markup.quote"
            ],
            "settings": {
                "foreground": "#707e0f",
                "fontStyle": "italic"
            }
        },
        {
            "name": "Horizontal rule (prose)",
            "scope": [
                "meta.separator.markdown"
            ],
            "settings": {
                "foreground": "#8393c7"
            }
        },
        {
            "name": "Code blocks",
            "scope": [
                "fenced_code.block.language",
                "markup.raw.inner.restructuredtext",
                "markup.fenced_code.block.markdown punctuation.definition.markdown"
            ],
            "settings": {
                "foreground": "#008a0d"
            }
        },
        {
            "name": "Prose constants",
            "scope": [
                "punctuation.definition.constant.restructuredtext"
            ],
            "settings": {
                "foreground": "#8963c4"
            }
        },
        {
            "name": "Braces in markdown headings",
            "scope": [
                "markup.heading.markdown punctuation.definition.string.begin",
                "markup.heading.markdown punctuation.definition.string.end"
            ],
            "settings": {
                "foreground": "#8963c4"
            }
        },
        {
            "name": "Braces in markdown paragraphs",
            "scope": [
                "meta.paragraph.markdown punctuation.definition.string.begin",
                "meta.paragraph.markdown punctuation.definition.string.end"
            ],
            "settings": {
                "foreground": "#282A36"
            }
        },
        {
            "name": "Braces in markdown blockquotes",
            "scope": [
                "markup.quote.markdown meta.paragraph.markdown punctuation.definition.string.begin",
                "markup.quote.markdown meta.paragraph.markdown punctuation.definition.string.end"
            ],
            "settings": {
                "foreground": "#707e0f"
            }
        },
        {
            "name": "User-defined class names",
            "scope": [
                "entity.name.type.class"
            ],
            "settings": {
                "foreground": "#048395",
                "fontStyle": "normal"
            }
        },
        {
            "name": "this, super, self, etc.",
            "scope": [
                "keyword.expressions-and-types.swift",
                "keyword.other.this",
                "variable.language",
                "variable.language punctuation.definition.variable.php",
                "variable.other.readwrite.instance.ruby",
                "variable.parameter.function.language.special"
            ],
            "settings": {
                "foreground": "#8963c4",
                "fontStyle": "italic"
            }
        },
        {
            "name": "Inherited classes",
            "scope": [
                "entity.other.inherited-class"
            ],
            "settings": {
                "fontStyle": "italic",
                "foreground": "#048395"
            }
        },
        {
            "name": "Comments",
            "scope": [
                "comment",
                "punctuation.definition.comment",
                "unused.comment",
                "wildcard.comment"
            ],
            "settings": {
                "foreground": "#8393c7"
            }
        },
        {
            "name": "JSDoc-style keywords",
            "scope": [
                "comment keyword.codetag.notation",
                "comment.block.documentation keyword",
                "comment.block.documentation storage.type.class"
            ],
            "settings": {
                "foreground": "#c74493"
            }
        },
        {
            "name": "JSDoc-style types",
            "scope": [
                "comment.block.documentation entity.name.type"
            ],
            "settings": {
                "foreground": "#048395",
                "fontStyle": "italic"
            }
        },
        {
            "name": "JSDoc-style type brackets",
            "scope": [
                "comment.block.documentation entity.name.type punctuation.definition.bracket"
            ],
            "settings": {
                "foreground": "#048395"
            }
        },
        {
            "name": "JSDoc-style comment parameters",
            "scope": [
                "comment.block.documentation variable"
            ],
            "settings": {
                "foreground": "#a56a20",
                "fontStyle": "italic"
            }
        },
        {
            "name": "Constants",
            "scope": [
                "constant",
                "variable.other.constant"
            ],
            "settings": {
                "foreground": "#8963c4"
            }
        },
        {
            "name": "Constant escape sequences",
            "scope": [
                "constant.character.escape",
                "constant.character.string.escape",
                "constant.regexp"
            ],
            "settings": {
                "foreground": "#c74493"
            }
        },
        {
            "name": "HTML tags",
            "scope": [
                "entity.name.tag"
            ],
            "settings": {
                "foreground": "#c74493"
            }
        },
        {
            "name": "CSS attribute parent selectors ('&')",
            "scope": [
                "entity.other.attribute-name.parent-selector"
            ],
            "settings": {
                "foreground": "#c74493"
            }
        },
        {
            "name": "HTML/CSS attribute names",
            "scope": [
                "entity.other.attribute-name"
            ],
            "settings": {
                "foreground": "#008a0d",
                "fontStyle": "italic"
            }
        },
        {
            "name": "Function names",
            "scope": [
                "entity.name.function",
                "meta.function-call.generic",
                "meta.function-call.object",
                "meta.function-call.php",
                "meta.function-call.static",
                "meta.method-call.java meta.method",
                "meta.method.groovy",
                "support.function.any-method.lua",
                "keyword.operator.function.infix"
            ],
            "settings": {
                "foreground": "#008a0d"
            }
        },
        {
            "name": "Function parameters",
            "scope": [
                "entity.name.variable.parameter",
                "meta.at-rule.function variable",
                "meta.at-rule.mixin variable",
                "meta.function.arguments variable.other.php",
                "meta.selectionset.graphql meta.arguments.graphql variable.arguments.graphql",
                "variable.parameter"
            ],
            "settings": {
                "fontStyle": "italic",
                "foreground": "#a56a20"
            }
        },
        {
            "name": "Decorators",
            "scope": [
                "meta.decorator variable.other.readwrite",
                "meta.decorator variable.other.property"
            ],
            "settings": {
                "foreground": "#008a0d",
                "fontStyle": "italic"
            }
        },
        {
            "name": "Decorator Objects",
            "scope": [
                "meta.decorator variable.other.object"
            ],
            "settings": {
                "foreground": "#008a0d"
            }
        },
        {
            "name": "Keywords",
            "scope": [
                "keyword",
                "punctuation.definition.keyword"
            ],
            "settings": {
                "foreground": "#c74493"
            }
        },
        {
            "name": "Keyword \"new\"",
            "scope": [
                "keyword.control.new",
                "keyword.operator.new"
            ],
            "settings": {
                "fontStyle": "bold"
            }
        },
        {
            "name": "Generic selectors (CSS/SCSS/Less/Stylus)",
            "scope": [
                "meta.selector"
            ],
            "settings": {
                "foreground": "#c74493"
            }
        },
        {
            "name": "Language Built-ins",
            "scope": [
                "support"
            ],
            "settings": {
                "fontStyle": "italic",
                "foreground": "#048395"
            }
        },
        {
            "name": "Built-in magic functions and constants",
            "scope": [
                "support.function.magic",
                "support.variable",
                "variable.other.predefined"
            ],
            "settings": {
                "fontStyle": "regular",
                "foreground": "#8963c4"
            }
        },
        {
            "name": "Built-in functions / properties",
            "scope": [
                "support.function",
                "support.type.property-name"
            ],
            "settings": {
                "fontStyle": "regular"
            }
        },
        {
            "name": "Separators (key/value, namespace, inheritance, pointer, hash, slice, etc)",
            "scope": [
                "constant.other.symbol.hashkey punctuation.definition.constant.ruby",
                "entity.other.attribute-name.placeholder punctuation",
                "entity.other.attribute-name.pseudo-class punctuation",
                "entity.other.attribute-name.pseudo-element punctuation",
                "meta.group.double.toml",
                "meta.group.toml",
                "meta.object-binding-pattern-variable punctuation.destructuring",
                "punctuation.colon.graphql",
                "punctuation.definition.block.scalar.folded.yaml",
                "punctuation.definition.block.scalar.literal.yaml",
                "punctuation.definition.block.sequence.item.yaml",
                "punctuation.definition.entity.other.inherited-class",
                "punctuation.function.swift",
                "punctuation.separator.dictionary.key-value",
                "punctuation.separator.hash",
                "punctuation.separator.inheritance",
                "punctuation.separator.key-value",
                "punctuation.separator.key-value.mapping.yaml",
                "punctuation.separator.namespace",
                "punctuation.separator.pointer-access",
                "punctuation.separator.slice",
                "string.unquoted.heredoc punctuation.definition.string",
                "support.other.chomping-indicator.yaml",
                "punctuation.separator.annotation"
            ],
            "settings": {
                "foreground": "#c74493"
            }
        },
        {
            "name": "Brackets, braces, parens, etc.",
            "scope": [
                "keyword.operator.other.powershell",
                "keyword.other.statement-separator.powershell",
                "meta.brace.round",
                "meta.function-call punctuation",
                "punctuation.definition.arguments.begin",
                "punctuation.definition.arguments.end",
                "punctuation.definition.entity.begin",
                "punctuation.definition.entity.end",
                "punctuation.definition.tag.cs",
                "punctuation.definition.type.begin",
                "punctuation.definition.type.end",
                "punctuation.section.scope.begin",
                "punctuation.section.scope.end",
                "storage.type.generic.java",
                "string.template meta.brace",
                "string.template punctuation.accessor"
            ],
            "settings": {
                "foreground": "#282A36"
            }
        },
        {
            "name": "Variable interpolation operators",
            "scope": [
                "meta.string-contents.quoted.double punctuation.definition.variable",
                "punctuation.definition.interpolation.begin",
                "punctuation.definition.interpolation.end",
                "punctuation.definition.template-expression.begin",
                "punctuation.definition.template-expression.end",
                "punctuation.section.embedded.begin",
                "punctuation.section.embedded.coffee",
                "punctuation.section.embedded.end",
                "punctuation.section.embedded.end source.php",
                "punctuation.section.embedded.end source.ruby",
                "punctuation.definition.variable.makefile"
            ],
            "settings": {
                "foreground": "#c74493"
            }
        },
        {
            "name": "Keys (serializable languages)",
            "scope": [
                "entity.name.function.target.makefile",
                "entity.name.section.toml",
                "entity.name.tag.yaml",
                "variable.other.key.toml"
            ],
            "settings": {
                "foreground": "#048395"
            }
        },
        {
            "name": "Dates / timestamps (serializable languages)",
            "scope": [
                "constant.other.date",
                "constant.other.timestamp"
            ],
            "settings": {
                "foreground": "#a56a20"
            }
        },
        {
            "name": "YAML aliases",
            "scope": [
                "variable.other.alias.yaml"
            ],
            "settings": {
                "fontStyle": "italic underline",
                "foreground": "#008a0d"
            }
        },
        {
            "name": "Storage",
            "scope": [
                "storage",
                "meta.implementation storage.type.objc",
                "meta.interface-or-protocol storage.type.objc",
                "source.groovy storage.type.def"
            ],
            "settings": {
                "fontStyle": "regular",
                "foreground": "#c74493"
            }
        },
        {
            "name": "Types",
            "scope": [
                "entity.name.type",
                "keyword.primitive-datatypes.swift",
                "keyword.type.cs",
                "meta.protocol-list.objc",
                "meta.return-type.objc",
                "source.go storage.type",
                "source.groovy storage.type",
                "source.java storage.type",
                "source.powershell entity.other.attribute-name",
                "storage.class.std.rust",
                "storage.type.attribute.swift",
                "storage.type.c",
                "storage.type.core.rust",
                "storage.type.cs",
                "storage.type.groovy",
                "storage.type.objc",
                "storage.type.php",
                "storage.type.haskell",
                "storage.type.ocaml"
            ],
            "settings": {
                "fontStyle": "italic",
                "foreground": "#048395"
            }
        },
        {
            "name": "Generics, templates, and mapped type declarations",
            "scope": [
                "entity.name.type.type-parameter",
                "meta.indexer.mappedtype.declaration entity.name.type",
                "meta.type.parameters entity.name.type"
            ],
            "settings": {
                "foreground": "#a56a20"
            }
        },
        {
            "name": "Modifiers",
            "scope": [
                "storage.modifier"
            ],
            "settings": {
                "foreground": "#c74493"
            }
        },
        {
            "name": "RegExp string",
            "scope": [
                "string.regexp",
                "constant.other.character-class.set.regexp",
                "constant.character.escape.backslash.regexp"
            ],
            "settings": {
                "foreground": "#707e0f"
            }
        },
        {
            "name": "Non-capture operators",
            "scope": [
                "punctuation.definition.group.capture.regexp"
            ],
            "settings": {
                "foreground": "#c74493"
            }
        },
        {
            "name": "RegExp start and end characters",
            "scope": [
                "string.regexp punctuation.definition.string.begin",
                "string.regexp punctuation.definition.string.end"
            ],
            "settings": {
                "foreground": "#de353d"
            }
        },
        {
            "name": "Character group",
            "scope": [
                "punctuation.definition.character-class.regexp"
            ],
            "settings": {
                "foreground": "#048395"
            }
        },
        {
            "name": "Capture groups",
            "scope": [
                "punctuation.definition.group.regexp"
            ],
            "settings": {
                "foreground": "#a56a20"
            }
        },
        {
            "name": "Assertion operators",
            "scope": [
                "punctuation.definition.group.assertion.regexp",
                "keyword.operator.negation.regexp"
            ],
            "settings": {
                "foreground": "#de353d"
            }
        },
        {
            "name": "Positive lookaheads",
            "scope": [
                "meta.assertion.look-ahead.regexp"
            ],
            "settings": {
                "foreground": "#008a0d"
            }
        },
        {
            "name": "Strings",
            "scope": [
                "string"
            ],
            "settings": {
                "foreground": "#707e0f"
            }
        },
        {
            "name": "String quotes (temporary vscode fix)",
            "scope": [
                "punctuation.definition.string.begin",
                "punctuation.definition.string.end"
            ],
            "settings": {
                "foreground": "#717e0e"
            }
        },
        {
            "name": "Property quotes (temporary vscode fix)",
            "scope": [
                "punctuation.support.type.property-name.begin",
                "punctuation.support.type.property-name.end"
            ],
            "settings": {
                "foreground": "#038396"
            }
        },
        {
            "name": "Docstrings",
            "scope": [
                "string.quoted.docstring.multi",
                "string.quoted.docstring.multi.python punctuation.definition.string.begin",
                "string.quoted.docstring.multi.python punctuation.definition.string.end",
                "string.quoted.docstring.multi.python constant.character.escape"
            ],
            "settings": {
                "foreground": "#8393c7"
            }
        },
        {
            "name": "Variables and object properties",
            "scope": [
                "variable",
                "constant.other.key.perl",
                "support.variable.property",
                "variable.other.constant.js",
                "variable.other.constant.ts",
                "variable.other.constant.tsx"
            ],
            "settings": {
                "foreground": "#282A36"
            }
        },
        {
            "name": "Destructuring / aliasing reference name (LHS)",
            "scope": [
                "meta.import variable.other.readwrite",
                "meta.object-binding-pattern-variable variable.object.property",
                "meta.variable.assignment.destructured.object.coffee variable"
            ],
            "settings": {
                "fontStyle": "italic",
                "foreground": "#a56a20"
            }
        },
        {
            "name": "Destructuring / aliasing variable name (RHS)",
            "scope": [
                "meta.import variable.other.readwrite.alias",
                "meta.export variable.other.readwrite.alias",
                "meta.variable.assignment.destructured.object.coffee variable variable"
            ],
            "settings": {
                "fontStyle": "normal",
                "foreground": "#282A36"
            }
        },
        {
            "name": "GraphQL keys",
            "scope": [
                "meta.selectionset.graphql variable"
            ],
            "settings": {
                "foreground": "#707e0f"
            }
        },
        {
            "name": "GraphQL function arguments",
            "scope": [
                "meta.selectionset.graphql meta.arguments variable"
            ],
            "settings": {
                "foreground": "#282A36"
            }
        },
        {
            "name": "GraphQL fragment name (definition)",
            "scope": [
                "entity.name.fragment.graphql",
                "variable.fragment.graphql"
            ],
            "settings": {
                "foreground": "#048395"
            }
        },
        {
            "name": "Edge cases (foreground color resets)",
            "scope": [
                "constant.other.symbol.hashkey.ruby",
                "keyword.operator.dereference.java",
                "keyword.operator.navigation.groovy",
                "meta.scope.for-loop.shell punctuation.definition.string.begin",
                "meta.scope.for-loop.shell punctuation.definition.string.end",
                "meta.scope.for-loop.shell string",
                "storage.modifier.import",
                "punctuation.section.embedded.begin.tsx",
                "punctuation.section.embedded.end.tsx",
                "punctuation.section.embedded.begin.jsx",
                "punctuation.section.embedded.end.jsx",
                "punctuation.separator.list.comma.css",
                "constant.language.empty-list.haskell"
            ],
            "settings": {
                "foreground": "#282A36"
            }
        },
        {
            "name": "Shell variables prefixed with \"$\" (edge case)",
            "scope": [
                "source.shell variable.other"
            ],
            "settings": {
                "foreground": "#8963c4"
            }
        },
        {
            "name": "Powershell constants mistakenly scoped to `support`, rather than `constant` (edge)",
            "scope": [
                "support.constant"
            ],
            "settings": {
                "fontStyle": "normal",
                "foreground": "#8963c4"
            }
        },
        {
            "name": "Makefile prerequisite names",
            "scope": [
                "meta.scope.prerequisites.makefile"
            ],
            "settings": {
                "foreground": "#707e0f"
            }
        },
        {
            "name": "SCSS attibute selector strings",
            "scope": [
                "meta.attribute-selector.scss"
            ],
            "settings": {
                "foreground": "#707e0f"
            }
        },
        {
            "name": "SCSS attribute selector brackets",
            "scope": [
                "punctuation.definition.attribute-selector.end.bracket.square.scss",
                "punctuation.definition.attribute-selector.begin.bracket.square.scss"
            ],
            "settings": {
                "foreground": "#282A36"
            }
        },
        {
            "name": "Haskell Pragmas",
            "scope": [
                "meta.preprocessor.haskell"
            ],
            "settings": {
                "foreground": "#8393c7"
            }
        }
    ]
}