{
  "$schema": "vscode://schemas/color-theme",
  "type": "dark",
  "colors": {
    "titleBar.activeBackground": "#2b2d30",
    "titleBar.inactiveBackground": "#2b2d30",

    "menubar.selectionBackground": "#404144",
    "menubar.selectionForeground": "#dfe1e5",
    "menu.background": "#2b2d30",
    "menu.foreground": "#dfe1e5",
    "menu.separatorBackground": "#42454a",
    "menu.border": "#42454a",

    "commandCenter.activeForeground": "#dfe1e5",
    "commandCenter.activeBackground": "#42454a",
    "commandCenter.activeBorder": "#4f5156",

    "pickerGroup.border": "#393b40",
    "pickerGroup.foreground": "#6a9bfa",
    "quickInputList.focusBackground": "#2e436e",

    "list.activeSelectionBackground": "#2e436e",
    "list.activeSelectionForeground": "#dfe1e5",
    "list.focusAndSelectionOutline": "#2e436e",
    "list.focusHighlightForeground": "#ba9752",
    "list.highlightForeground": "#ba9752",
    "list.inactiveSelectionBackground": "#42454a",
    "list.hoverForeground": "#ffffff",
    "list.hoverBackground": "#393b40",
    "list.dropBackground": "#393b40",

    "activityBar.background": "#2b2d30",
    "activityBar.border": "#1e1f22",
    "activityBar.foreground": "#ffffff",
    "activityBar.inactiveForeground": "#cdd0d5",
    "activityBar.activeBorder": "#4f5156",
    "activityBar.activeFocusBorder": "#4f5156",
    "activityBar.activeBackground": "#4f5156",
    "activityBarBadge.background": "#3574f0",
    "activityBarBadge.foreground": "#ffffff",

    "focusBorder": "#3574f0",

    "sideBar.background": "#2b2d30",
    "sideBar.foreground": "#dfe1e5",
    "sideBar.border": "#1e1f22",
    "sideBarSectionHeader.background": "#2b2d30",
    "sideBarSectionHeader.foreground": "#dfe1e5",
    "sideBarSectionHeader.border": "#1e1f22",

    "input.background": "#1e1f22",
    "input.border": "#393b40",
    "input.foreground": "#dfe1e5",
    "inputOption.activeBackground": "#36538f",
    "inputOption.activeForeground": "#cdd0d5",
    "inputOption.activeBorder": "#36538f",

    "button.background": "#3574f0",
    "button.foreground": "#ffffff",
    "button.border": "#4f5156",
    "button.hoverBackground": "#538af6",
    "button.secondaryBackground": "#2b2d30",
    "button.secondaryForeground": "#dfe1e5",
    "button.secondaryHoverBackground": "#42454a",

    "badge.background": "#4f5156",
    "badge.foreground": "#ffffff",

    "gitDecoration.addedResourceForeground": "#629755",
    "gitDecoration.modifiedResourceForeground": "#6897bb",
    "gitDecoration.deletedResourceForeground": "#6c6c6c",
    "gitDecoration.renamedResourceForeground": "#007c7c",
    "gitDecoration.stageModifiedResourceForeground": "#6897bb",
    "gitDecoration.stageDeletedResourceForeground": "#6c6c6c",
    "gitDecoration.untrackedResourceForeground": "#d1675a",
    "gitDecoration.ignoredResourceForeground": "#848504",
    "gitDecoration.conflictingResourceForeground": "#d5756c",

    "panel.background": "#2b2d30",
    "panel.border": "#1e1f22",
    "panelTitle.activeBorder": "#3574f0",
    "panelTitle.activeForeground": "#dfe1e5",
    "panelTitle.inactiveForeground": "#9ea0a8",

    "terminal.background": "#1e1f22",
    "terminal.foreground": "#bcbec3",
    "terminal.border": "#2b2d30",

    "dropdown.border": "#4f5156",
    "dropdown.background": "#393b40",
    "dropdown.listBackground": "#2b2d30",
    "dropdown.foreground": "#dfe1e5",

    "problemsErrorIcon.foreground": "#d64d5b",
    "problemsWarningIcon.foreground": "#c29e49",
    "problemsInfoIcon.foreground": "#3574f0",

    "statusBar.background": "#2b2d30",
    "statusBar.border": "#1e1f22",
    "statusBar.foreground": "#9ea0a8",
    "statusBar.debuggingBackground": "#2b2d30",
    "statusBar.debuggingBorder": "#1e1f22",
    "statusBar.debuggingForeground": "#9ea0a8",
    "statusBar.noFolderBackground": "#2b2d30",
    "statusBar.noFolderBorder": "#1e1f22",
    "statusBar.noFolderForeground": "#9ea0a8",
    "statusBarItem.activeBackground": "#42454a",
    "statusBarItem.errorBackground": "#d64d5b",
    "statusBarItem.errorHoverForeground": "#ffffff",
    "statusBarItem.warningBackground": "#c29e49",
    "statusBarItem.warningHoverForeground": "#ffffff",

    "notificationCenterHeader.foreground": "#dfe1e5",
    "notificationCenterHeader.background": "#2b2d30",
    "notificationToast.border": "#42454a",
    "notifications.foreground": "#dfe1e5",
    "notifications.background": "#393b40",
    "notifications.border": "#1e1f22",
    "notificationLink.foreground": "#6a9bfa",
    "notificationsErrorIcon.foreground": "#d64d5b",
    "notificationsWarningIcon.foreground": "#c29e49",
    "notificationsInfoIcon.foreground": "#3574f0",

    "editorGroup.border": "#393b40",
    "editorGroup.emptyBackground": "#2b2d30",
    "editorGroupHeader.noTabsBackground": "#1e1f22",
    "editorGroupHeader.tabsBackground": "#1e1f22",
    "editorGroupHeader.tabsBorder": "#393b40",
    "editorGroupHeader.border": "#393b40",

    "tab.border": "#1e1f22",
    "tab.activeBackground": "#1e1f22",
    "tab.activeForeground": "#dfe1e5",
    "tab.activeBorder": "#3574f0",
    "tab.activeModifiedBorder": "#3574f0",
    "tab.inactiveModifiedBorder": "#5b5d62",
    "tab.hoverBackground": "#1e1f22",
    "tab.hoverForeground": "#dfe1e5",
    "tab.unfocusedActiveBackground": "#1e1f22",
    "tab.unfocusedActiveBorder": "#5b5d62",
    "tab.unfocusedActiveForeground": "#bbbdc0",
    "tab.unfocusedActiveModifiedBorder": "#3574f0",
    "tab.unfocusedInactiveBackground": "#1e1f22",
    "tab.unfocusedInactiveForeground": "#bbbdc0",
    "tab.unfocusedInactiveModifiedBorder": "#5b5d62",
    "tab.unfocusedHoverBackground": "#1e1f22",
    "tab.unfocusedHoverForeground": "#dfe1e5",
    "tab.inactiveBackground": "#1e1f22",
    "tab.inactiveForeground": "#bbbdc0",

    "breadcrumb.foreground": "#9ea0a8",
    "breadcrumb.background": "#1e1f22",
    "breadcrumb.focusForeground": "#dfe1e5",
    "breadcrumb.activeSelectionForeground": "#dfe1e5",
    "breadcrumbPicker.background": "#2b2d30",

    "scrollbarSlider.activeBackground": "#535455a6",
    "scrollbarSlider.background": "#3f4043a6",
    "scrollbarSlider.hoverBackground": "#535455a6",

    "debugIcon.breakpointForeground": "#db5c5c",

    "editor.background": "#1e1f22",
    "editor.foreground": "#bcbec3",
    "editor.foldBackground": "#7b7f8a4d",
    "editorBracketMatch.background": "#42454a",
    "editorBracketMatch.border": "#42454a",
    "editorGutter.background": "#1e1f22",
    "editorGutter.addedBackground": "#549159",
    "editorGutter.modifiedBackground": "#375fad",
    "editorGutter.deletedBackground": "#868a91",
    "editorGutter.foldingControlForeground": "#6f737a",
    "editorIndentGuide.background1": "#323438",
    "editorLineNumber.activeForeground": "#9ea0a8",
    "editorLineNumber.foreground": "#4b5059",
    "editorUnnecessaryCode.opacity": "#00000066",
    "editorInlayHint.foreground": "#868a90",
    "editorInlayHint.typeBackground": "#2d2e3200",
    "editorInlayHint.parameterBackground": "#2d2e32",
    "editorRuler.foreground": "#393b40",
    "editorLightBulb.foreground": "#f2c55c",
    "editorLightBulbAutoFix.foreground": "#e35252",
    "editorLink.activeForeground": "#538af6",

    "editor.findMatchBackground": "#214283",
    "editor.findMatchBorder": "#cdd0d5",
    "editor.findMatchHighlightBackground": "#1da6c94d",
    "editor.findMatchHighlightBorder": "#155e70",
    "editor.findRangeHighlightBackground": "#1e46844d",
    "editor.lineHighlightBackground": "#26282d",
    "editor.selectionBackground": "#214283",
    "editor.inactiveSelectionBackground": "#1e468480",
    "editor.selectionHighlightBackground": "#4cc2854d",
    "editor.wordHighlightBackground": "#717c764d",
    "editor.wordHighlightStrongBackground": "#8146534d",

    "searchEditor.findMatchBackground": "#2d543f",
    "searchEditor.findMatchBorder": "#2d543f",

    "editorWidget.background": "#2b2d30",
    "editorWidget.foreground": "#dfe1e5",
    "editorWidget.border": "#42454a",
    "editorSuggestWidget.selectedBackground": "#2e436e",
    "editorSuggestWidget.focusHighlightForeground": "#538af6",
    "editorSuggestWidget.highlightForeground": "#538af6",
    "editorHoverWidget.highlightForeground": "#538af6",

    "editorOverviewRuler.findMatchForeground": "#16b5dd80",
    "editorOverviewRuler.selectionHighlightForeground": "#678d7bcc",
    "editorOverviewRuler.wordHighlightForeground": "#678d7bcc",
    "editorOverviewRuler.wordHighlightStrongForeground": "#e977a6cc",
    "editorOverviewRuler.modifiedForeground": "#43698d",
    "editorOverviewRuler.addedForeground": "#437151",
    "editorOverviewRuler.deletedForeground": "#656e76",
    "editorOverviewRuler.errorForeground": "#d64d5b",
    "editorOverviewRuler.warningForeground": "#c29e49",
    "editorOverviewRuler.infoForeground": "#3574f0",

    "minimap.findMatchHighlight": "#16b5dd80",
    "minimap.selectionHighlight": "#1e4684cc",
    "minimap.selectionOccurrenceHighlight": "#678d7bcc",
    "minimap.errorHighlight": "#d64d5b",
    "minimap.warningHighlight": "#c29e49",
    "minimap.infoHighlight": "#3574f0",
    "minimapSlider.background": "#3f4043a6",
    "minimapSlider.hoverBackground": "#535455a6",
    "minimapSlider.activeBackground": "#535455a6",
    "minimapGutter.addedBackground": "#437151",
    "minimapGutter.modifiedBackground": "#43698d",
    "minimapGutter.deletedBackground": "#656e76",

    "diffEditor.insertedTextBackground": "#5faffa4d",
    "diffEditor.insertedLineBackground": "#3a60834d",
    "diffEditorGutter.insertedLineBackground": "#283541",
    "diffEditor.removedTextBackground": "#9094944d",
    "diffEditor.removedLineBackground": "#6868684d",
    "diffEditorGutter.removedLineBackground": "#373737",
    "diffEditorOverview.insertedForeground": "#43698d",
    "diffEditorOverview.removedForeground": "#656e76",

    "peekView.border": "#42454a",
    "peekViewEditor.background": "#1e1f22",
    "peekViewEditor.matchHighlightBackground": "#2d543f",
    "peekViewResult.background": "#2b2d30",
    "peekViewResult.fileForeground": "#dfe1e5",
    "peekViewResult.lineForeground": "#bcbec3",
    "peekViewResult.matchHighlightBackground": "#124957",
    "peekViewResult.selectionBackground": "#2e436e",
    "peekViewResult.selectionForeground": "#dfe1e5",
    "peekViewTitle.background": "#393b40",
    "peekViewTitleLabel.foreground": "#dfe1e5",
    "peekViewTitleDescription.foreground": "#6f737a",

    "merge.currentHeaderBackground": "#6ee0934d",
    "merge.currentContentBackground": "#3377544d",
    "merge.incomingHeaderBackground": "#5faffa4d",
    "merge.incomingContentBackground": "#3a60834d",
    "editorOverviewRuler.currentContentForeground": "#437151",
    "editorOverviewRuler.incomingContentForeground": "#43698d",
    "mergeEditor.change.background": "#2e2626",
    "mergeEditor.change.word.background": "#45302b",

    "textLink.foreground": "#6a9bfa",
    "textLink.activeForeground": "#538af6",

    "settings.modifiedItemIndicator": "#2e436e",
    "settings.dropdownBackground": "#393b40",
    "settings.dropdownForeground": "#dfe1e5",
    "settings.dropdownBorder": "#4f5156",
    "settings.checkboxBackground": "#3574f0",
    "settings.checkboxForeground": "#ffffff",
    "settings.checkboxBorder": "#3574f0",
    "settings.numberInputBackground": "#2b2d30",
    "settings.numberInputForeground": "#dfe1e5",
    "settings.numberInputBorder": "#4f5156",
    "settings.textInputBackground": "#2b2d30",
    "settings.textInputForeground": "#dfe1e5",
    "settings.textInputBorder": "#4f5156",

    "welcomePage.background": "#1e1f22",
    "welcomePage.tileBackground": "#2b2d30",
    "welcomePage.tileHoverBackground": "#393b40"
  },
  "semanticHighlighting": true,
  "semanticTokenColors": {
    "namespace": {
      "foreground": "#c77dbb",
      "fontStyle": "italic"
    },
    "variable": {
      "foreground": "#a9b7c5"
    },
    "variable.defaultLibrary": {
      "foreground": "#c77dbb",
      "fontStyle": "italic"
    },
    "parameter": {
      "foreground": "#bcbec3"
    },
    "typeParameter": {
      "foreground": "#507874"
    },
    "type": {
      "foreground": "#bcbec3"
    },
    "type.defaultLibrary": {
      "fontStyle": "italic"
    },
    "interface": {
      "foreground": "#bcbec3"
    },
    "interface.defaultLibrary": {
      "fontStyle": "italic"
    },
    "class": {
      "foreground": "#2ebaa3"
    },
    "class.declaration": {
      "foreground": "#bcbec3"
    },
    "class.defaultLibrary": {
      "foreground": "#c77dbb",
      "fontStyle": "italic"
    },
    "property": {
      "foreground": "#c77dbb"
    },
    "property.static": {
      "fontStyle": "italic"
    },
    "method.static": {
      "fontStyle": "italic"
    }
  },
  "tokenColors": [
    {
      "name": "Comment",
      "scope": ["comment"],
      "settings": {
        "foreground": "#7A7E85"
      }
    },
    {
      "name": "Block Comments",
      "scope": ["comment.block.documentation"],
      "settings": {
        "foreground": "#5F826B",
        "fontStyle": "italic"
      }
    },
    {
      "name": "Block Comments - type",
      "scope": ["comment.block.documentation storage.type"],
      "settings": {
        "foreground": "#68A67E",
        "fontStyle": "italic"
      }
    },
    {
      "scope": ["source.css.scss comment"],
      "settings": {
        "foreground": "#b9954e",
        "fontStyle": "italic"
      }
    },
    {
      "scope": [
        "keyword",
        "keyword.operator.new",
        "keyword.operator.expression",
        "storage",
        "storage.type",
        "support.type",
        "constant.language",
        "variable.language.this",
        "variable.key.dotenv",
        "entity.name.command",
        "entity.name.tag.yaml",
        "constant.character.escape",
        "punctuation.definition.markdown",
        "punctuation.definition.raw.markdown",
        "punctuation.definition.bold.markdown",
        "punctuation.definition.italic.markdown",
        "punctuation.definition.list.begin.markdown",
        "punctuation.definition.quote.begin.markdown"
      ],
      "settings": {
        "foreground": "#ce8e6d",
        "fontStyle": ""
      }
    },
    {
      "scope": ["punctuation.definition.heading.markdown"],
      "settings": {
        "foreground": "#ce8e6d",
        "fontStyle": "italic"
      }
    },
    {
      "scope": [
        "entity.name.type.module",
        "entity.name.constant",
        "variable.other.object",
        "variable.other.property",
        "variable.other.object.property",
        "variable.other.constant.property",
        "variable.other.enummember",
        "variable.language",
        "meta.object-literal.key",
        "meta.definition.property",
        "meta.definition.property entity.name.function",
        "support.type.property-name.json",
        "support.variable.property",
        "support.type.object.module",
        "fenced_code"
      ],
      "settings": {
        "foreground": "#c77dbb",
        "fontStyle": ""
      }
    },
    {
      "scope": ["markup.heading"],
      "settings": {
        "foreground": "#c77dbb",
        "fontStyle": "italic"
      }
    },
    {
      "scope": ["keyword.control.at-rule.mixin.scss"],
      "settings": {
        "foreground": "#d0cfff"
      }
    },
    {
      "scope": [
        "string",
        "punctuation.definition.string",
        "punctuation.definition.metadata.markdown",
        "markup.inline.raw",
        "markup.quote",
        "punctuation.separator.key-value.html",
        "source.css support.constant",
        "keyword.other.unit",
        "constant.other.character-class.set.regexp",
        "constant.other.character-class.range.regexp",
        "meta.at-rule.each keyword.control.operator",
        "meta.attribute-selector",
        "meta.tag.attributes keyword.operator.assignment"
      ],
      "settings": {
        "foreground": "#6aab73"
      }
    },
    {
      "scope": [
        "constant.numeric",
        "keyword.operator.quantifier.regexp",
        "string.regexp punctuation.definition.string",
        "string.regexp keyword.other"
      ],
      "settings": {
        "foreground": "#2cabb8"
      }
    },
    {
      "scope": [
        "support.class.component",
        "entity.name.tag.template.html.vue",
        "entity.name.tag.script.html.vue",
        "entity.name.tag.style.html.vue",
        "source.vue meta.tag.other.unrecognized.html.derivative entity.name.tag",
        "source.vue meta.tag.custom.start.html entity.name.tag",
        "source.vue meta.tag.custom.end.html entity.name.tag"
      ],
      "settings": {
        "foreground": "#2ebaa3"
      }
    },
    {
      "scope": [
        "entity.name.type.parameter",
        "meta.type.parameters entity.name.type",
        "meta.type.infer entity.name.type"
      ],
      "settings": {
        "foreground": "#507874"
      }
    },
    {
      "scope": [
        "meta.embedded",
        "meta.tag.attributes",
        "meta.at-rule.for keyword.control.operator",
        "variable.interpolation",
        "entity.name.type",
        "entity.name.function.tagged-template",
        "constant.language.import-export-all",
        "string variable",
        "source.yaml string.unquoted",
        "source.yaml constant.language.boolean",
        "punctuation.accessor",
        "keyword.generator.asterisk",
        "keyword.operator",
        "keyword.other.unit.percentage",
        "keyword.other.back-reference.regexp",
        "punctuation.definition.entity",
        "punctuation.separator.key-value",
        "punctuation.separator.list.comma.css",
        "punctuation.definition.group.regexp",
        "punctuation.definition.group.assertion.regexp",
        "punctuation.definition.character-class.regexp",
        "punctuation.definition.template-expression",
        "punctuation.definition.attribute-selector",
        "punctuation.terminator",
        "storage.type.function.arrow"
      ],
      "settings": {
        "foreground": "#bcbec3"
      }
    },
    {
      "scope": [
        "source.vue punctuation.attribute-shorthand",
        "meta.property-list variable.css",
        "entity.other.attribute-name",
        "support.type.property-name",
        "support.type.vendored.property-name"
      ],
      "settings": {
        "foreground": "#bababa"
      }
    },
    {
      "scope": ["variable.other.readwrite", "variable.other.constant"],
      "settings": {
        "foreground": "#a9b7c5"
      }
    },
    {
      "scope": ["variable.other.jsdoc", "entity.name.type.instance.jsdoc"],
      "settings": {
        "foreground": "#abadb3"
      }
    },
    {
      "scope": [
        "string.other.link",
        "constant.other.reference.link",
        "punctuation.definition.link.title.begin.markdown",
        "punctuation.definition.link.title.end.markdown",
        "punctuation.definition.link.description.begin.markdown",
        "punctuation.definition.link.description.end.markdown"
      ],
      "settings": {
        "foreground": "#57a8f5",
        "fontStyle": "underline"
      }
    },
    {
      "scope": ["markup.underline.link"],
      "settings": {
        "foreground": "#57a8f5",
        "fontStyle": "italic"
      }
    },
    {
      "scope": [
        "constant.other.color.rgb-value",
        "entity.name.function",
        "string.other.link.description.title.markdown"
      ],
      "settings": {
        "foreground": "#57a8f5",
        "fontStyle": ""
      }
    },
    {
      "scope": [
        "variable.parameter.url.css",
        "meta.property-value variable.parameter.url",
        "meta.at-rule.namespace variable.parameter.url"
      ],
      "settings": {
        "foreground": "#5c92ff"
      }
    },
    {
      "scope": ["variable.scss"],
      "settings": {
        "foreground": "#6d9cbe"
      }
    },
    {
      "scope": [
        "variable.parameter.misc.css",
        "variable.parameter.keyframe-list.css",
        "entity.name.tag",
        "entity.other.attribute-name.id",
        "entity.other.attribute-name.id punctuation.definition.entity",
        "entity.other.attribute-name.class",
        "entity.other.attribute-name.pseudo-class",
        "entity.other.attribute-name.pseudo-element",
        "entity.other.attribute-name.scss",
        "entity.other.attribute-name.css",
        "entity.other.attribute-name.attribute.scss",
        "entity.other.attribute-name.parent-selector-suffix punctuation.definition.entity",
        "entity.other.attribute-name.placeholder.css",
        "entity.other.attribute-name.placeholder.css punctuation.definition.entity",
        "entity.other.keyframe-offset",
        "punctuation.definition.tag",
        "storage.type.annotation",
        "meta.at-rule.media keyword.operator",
        "meta.at-rule.media keyword.control.operator",
        "meta.attribute-selector string.unquoted.attribute-value",
        "meta.property-value variable.argument.css",
        "constant.other.scss",
        "support.constant.parity.css",
        "source.css entity.name.function",
        "source.css support.type.map.key",
        "source.css support.constant.language-range",
        "source.css support.function",
        "text.html.derivative entity.name.tag.template.html.vue"
      ],
      "settings": {
        "foreground": "#d5b778"
      }
    },
    {
      "scope": [
        "punctuation.decorator",
        "meta.decorator entity.name.function",
        "constant.other.character-class.regexp"
      ],
      "settings": {
        "foreground": "#b3ae60"
      }
    },
    {
      "scope": ["invalid"],
      "settings": {
        "foreground": "#f75464"
      }
    },
    {
      "scope": ["markup.italic"],
      "settings": {
        "fontStyle": "italic"
      }
    },
    {
      "scope": ["markup.bold"],
      "settings": {
        "fontStyle": "bold"
      }
    },
    {
      "scope": ["markup.strikethrough"],
      "settings": {
        "fontStyle": "strikethrough"
      }
    }
  ]
}
