{
  "$schema": "vscode://schemas/color-theme",
  "type": "light",
  "colors": {
    "titleBar.activeBackground": "#27282d",
    "titleBar.activeForeground": "#ebecf0",
    "titleBar.inactiveBackground": "#27282d",
    "titleBar.inactiveForeground": "#ebecf0",

    "menubar.selectionBackground": "#3c3d42",
    "menubar.selectionForeground": "#ebecf0",
    "menu.background": "#ffffff",
    "menu.foreground": "#000000",
    "menu.separatorBackground": "#ebecf0",
    "menu.border": "#b3b4b6",

    "commandCenter.foreground": "#dfe1e5",
    "commandCenter.background": "#3c3d42",
    "commandCenter.activeForeground": "#ebecf0",
    "commandCenter.activeBackground": "#4d4e59",
    "commandCenter.activeBorder": "#4d4e59",

    "pickerGroup.border": "#ebecf0",
    "pickerGroup.foreground": "#315fbd",
    "quickInputList.focusBackground": "#d5e1ff",

    "list.activeSelectionBackground": "#d5e1ff",
    "list.activeSelectionForeground": "#000000",
    "list.focusAndSelectionOutline": "#d5e1ff",
    "list.focusHighlightForeground": "#589df6",
    "list.highlightForeground": "#589df6",
    "list.inactiveSelectionBackground": "#dfe1e5",
    "list.hoverBackground": "#ebecf0",
    "list.dropBackground": "#ebecf0",

    "activityBar.background": "#f7f8fa",
    "activityBar.border": "#ebecf0",
    "activityBar.foreground": "#565757",
    "activityBar.inactiveForeground": "#6c707e",
    "activityBar.activeBorder": "#dfe1e5",
    "activityBar.activeFocusBorder": "#dfe1e5",
    "activityBar.activeBackground": "#dfe1e5",
    "activityBarBadge.background": "#3474f0",
    "activityBarBadge.foreground": "#ffffff",

    "focusBorder": "#3474f0",

    "sideBar.background": "#f7f8fa",
    "sideBar.foreground": "#000000",
    "sideBar.border": "#ebecf0",
    "sideBarSectionHeader.background": "#f7f8fa",
    "sideBarSectionHeader.foreground": "#1d1d1d",
    "sideBarSectionHeader.border": "#ebecf0",

    "input.background": "#ffffff",
    "input.border": "#c8ccd6",
    "input.foreground": "#6c707e",
    "inputOption.activeBackground": "#d5e1ff",
    "inputOption.activeForeground": "#6c707e",
    "inputOption.activeBorder": "#d5e1ff",

    "button.background": "#3474f0",
    "button.foreground": "#ffffff",
    "button.border": "#c8ccd6",
    "button.secondaryBackground": "#ffffff",
    "button.secondaryForeground": "#000000",
    "button.secondaryHoverBackground": "#c8ccd6",

    "badge.background": "#c8ccd6",
    "badge.foreground": "#000000",

    "gitDecoration.addedResourceForeground": "#0a7700",
    "gitDecoration.modifiedResourceForeground": "#0032a0",
    "gitDecoration.deletedResourceForeground": "#616161",
    "gitDecoration.renamedResourceForeground": "#007c7c",
    "gitDecoration.stageModifiedResourceForeground": "#0032a0",
    "gitDecoration.stageDeletedResourceForeground": "#616161",
    "gitDecoration.untrackedResourceForeground": "#993300",
    "gitDecoration.ignoredResourceForeground": "#727238",
    "gitDecoration.conflictingResourceForeground": "#ff0000",

    "panel.background": "#f7f8fa",
    "panel.border": "#ebecf0",
    "panelTitle.activeBorder": "#3474f0",
    "panelTitle.activeForeground": "#1d1d1d",
    "panelTitle.inactiveForeground": "#818594",

    "terminal.background": "#ffffff",
    "terminal.foreground": "#000000",

    "dropdown.border": "#c8ccd6",
    "dropdown.background": "#ffffff",
    "dropdown.listBackground": "#ffffff",
    "dropdown.foreground": "#000000",

    "problemsErrorIcon.foreground": "#cf5b56",
    "problemsWarningIcon.foreground": "#f1bf56",
    "problemsInfoIcon.foreground": "#4781fa",

    "statusBar.background": "#f7f8fa",
    "statusBar.border": "#ebecf0",
    "statusBar.foreground": "#6c707e",
    "statusBar.debuggingBackground": "#f7f8fa",
    "statusBar.debuggingBorder": "#ebecf0",
    "statusBar.debuggingForeground": "#6c707e",
    "statusBar.noFolderBackground": "#f7f8fa",
    "statusBar.noFolderBorder": "#ebecf0",
    "statusBar.noFolderForeground": "#6c707e",
    "statusBarItem.activeBackground": "#dfe1e5",
    "statusBarItem.hoverBackground": "#dfe1e5",
    "statusBarItem.errorBackground": "#cf5b56",
    "statusBarItem.errorHoverBackground": "#df5151",
    "statusBarItem.errorHoverForeground": "#000000",
    "statusBarItem.warningBackground": "#f1bf56",
    "statusBarItem.warningHoverBackground": "#fcbc3d",
    "statusBarItem.warningHoverForeground": "#000000",

    "notificationCenterHeader.foreground": "#1d1d1d",
    "notificationCenterHeader.background": "#f7f8fa",
    "notificationToast.border": "#dfe1e5",
    "notifications.foreground": "#000000",
    "notifications.background": "#ebecf0",
    "notifications.border": "#dfe1e5",
    "notificationLink.foreground": "#315fbd",
    "notificationsErrorIcon.foreground": "#cf5b56",
    "notificationsWarningIcon.foreground": "#f1bf56",
    "notificationsInfoIcon.foreground": "#4781fa",

    "editorGroup.border": "#ebecf0",
    "editorGroup.emptyBackground": "#f7f8fa",
    "editorGroupHeader.noTabsBackground": "#ffffff",
    "editorGroupHeader.tabsBackground": "#ffffff",
    "editorGroupHeader.tabsBorder": "#ebecf0",
    "editorGroupHeader.border": "#ebecf0",

    "tab.border": "#ffffff",
    "tab.activeBackground": "#ffffff",
    "tab.activeForeground": "#000000",
    "tab.activeBorder": "#3474f0",
    "tab.activeModifiedBorder": "#3474f0",
    "tab.inactiveModifiedBorder": "#a8adbd",
    "tab.hoverBackground": "#ffffff",
    "tab.hoverForeground": "#000000",
    "tab.inactiveBackground": "#ffffff",
    "tab.inactiveForeground": "#515151",
    "tab.unfocusedActiveBackground": "#ffffff",
    "tab.unfocusedActiveBorder": "#a8adbd",
    "tab.unfocusedActiveForeground": "#515151",
    "tab.unfocusedActiveModifiedBorder": "#3474f0",
    "tab.unfocusedInactiveBackground": "#ffffff",
    "tab.unfocusedInactiveForeground": "#515151",
    "tab.unfocusedInactiveModifiedBorder": "#a8adbd",
    "tab.unfocusedHoverBackground": "#ffffff",
    "tab.unfocusedHoverForeground": "#000000",

    "breadcrumb.foreground": "#6c707e",
    "breadcrumb.background": "#f7f8fa",
    "breadcrumb.focusForeground": "#000000",
    "breadcrumb.activeSelectionForeground": "#000000",
    "breadcrumbPicker.background": "#ffffff",

    "scrollbarSlider.activeBackground": "#7f7f7f99",
    "scrollbarSlider.background": "#c9c9c999",
    "scrollbarSlider.hoverBackground": "#7f7f7f99",

    "debugIcon.breakpointForeground": "#e45765",

    "editor.background": "#ffffff",
    "editor.foreground": "#080808",
    "editor.foldBackground": "#b3dba84d",
    "editorBracketMatch.background": "#92d9d9",
    "editorBracketMatch.border": "#92d9d9",
    "editorGutter.background": "#ffffff",
    "editorGutter.addedBackground": "#7fc783",
    "editorGutter.modifiedBackground": "#88adf7",
    "editorGutter.deletedBackground": "#767a8a",
    "editorGutter.foldingControlForeground": "#a8adbd",
    "editorLineNumber.activeForeground": "#757a89",
    "editorLineNumber.foreground": "#aeb3c1",
    "editorUnnecessaryCode.opacity": "#00000066",
    "editorIndentGuide.background1": "#ebecf0",
    "editorInlayHint.foreground": "#7a7a7a",
    "editorInlayHint.typeBackground": "#f5f5f500",
    "editorInlayHint.parameterBackground": "#f5f5f5",
    "editorRuler.foreground": "#ebecf0",
    "editorLightBulb.foreground": "#fcc75b",
    "editorLightBulbAutoFix.foreground": "#e35252",
    "editorLink.activeForeground": "#3474f0",

    "editor.findMatchBackground": "#a6d2ff",
    "editor.findMatchBorder": "#000000",
    "editor.findMatchHighlightBackground": "#fdc44959",
    "editor.findMatchHighlightBorder": "#fee6b1",
    "editor.findRangeHighlightBackground": "#ffe9914d",
    "editor.lineHighlightBackground": "#f4f8fe",
    "editor.selectionBackground": "#a6d2ff",
    "editor.inactiveSelectionBackground": "#a6d2ff80",
    "editor.selectionHighlightBackground": "#9f9ffa80",
    "editor.wordHighlightBackground": "#9f9ffa4d",
    "editor.wordHighlightStrongBackground": "#ffaeff4d",

    "searchEditor.findMatchBackground": "#ccccff",
    "searchEditor.findMatchBorder": "#ccccff",

    "editorWidget.background": "#ffffff",
    "editorWidget.foreground": "#000000",
    "editorWidget.border": "#bababa",
    "editorSuggestWidget.selectedBackground": "#d5e1ff",
    "editorSuggestWidget.focusHighlightForeground": "#3474f0",
    "editorSuggestWidget.highlightForeground": "#3474f0",
    "editorHoverWidget.highlightForeground": "#3474f0",

    "editorOverviewRuler.findMatchForeground": "#cc671b80",
    "editorOverviewRuler.selectionHighlightForeground": "#c58cfdcc",
    "editorOverviewRuler.wordHighlightForeground": "#c58cfdcc",
    "editorOverviewRuler.wordHighlightStrongForeground": "#e98ac1cc",
    "editorOverviewRuler.modifiedForeground": "#b6d2f2",
    "editorOverviewRuler.addedForeground": "#aadfa9",
    "editorOverviewRuler.deletedForeground": "#c8c8c8",
    "editorOverviewRuler.errorForeground": "#cf5b56",
    "editorOverviewRuler.warningForeground": "#f1bf56",
    "editorOverviewRuler.infoForeground": "#4781fa",

    "minimap.findMatchHighlight": "#cc671b80",
    "minimap.selectionHighlight": "#a6d2ffcc",
    "minimap.selectionOccurrenceHighlight": "#c58cfdcc",
    "minimap.errorHighlight": "#cf5b56",
    "minimap.warningHighlight": "#f1bf56",
    "minimap.infoHighlight": "#4781fa",
    "minimapSlider.background": "#c9c9c999",
    "minimapSlider.hoverBackground": "#7f7f7f99",
    "minimapSlider.activeBackground": "#7f7f7f99",
    "minimapGutter.addedBackground": "#aadfa9",
    "minimapGutter.modifiedBackground": "#b6d2f2",
    "minimapGutter.deletedBackground": "#c8c8c8",

    "diffEditor.insertedTextBackground": "#669ada4d",
    "diffEditor.insertedLineBackground": "#acc9ee4d",
    "diffEditorGutter.insertedLineBackground": "#e6effa",
    "diffEditor.removedTextBackground": "#9e9d9d4d",
    "diffEditor.removedLineBackground": "#c3c4c74d",
    "diffEditorGutter.removedLineBackground": "#ebecf0",
    "diffEditorOverview.insertedForeground": "#b6d2f2",
    "diffEditorOverview.removedForeground": "#c8c8c8",

    "peekView.border": "#ebecf0",
    "peekViewEditor.background": "#ffffff",
    "peekViewEditor.matchHighlightBackground": "#ccccff",
    "peekViewResult.background": "#f7f8fa",
    "peekViewResult.fileForeground": "#000000",
    "peekViewResult.lineForeground": "#080808",
    "peekViewResult.matchHighlightBackground": "#fee6b1",
    "peekViewResult.selectionBackground": "#d5e1ff",
    "peekViewResult.selectionForeground": "#000000",
    "peekViewTitle.background": "#f7f8fa",
    "peekViewTitleLabel.foreground": "#000000",
    "peekViewTitleDescription.foreground": "#818594",

    "merge.currentHeaderBackground": "#2ea52e4d",
    "merge.currentContentBackground": "#a2d6a24d",
    "merge.incomingHeaderBackground": "#4084d64d",
    "merge.incomingContentBackground": "#aeccf14d",
    "editorOverviewRuler.currentContentForeground": "#aadfa9",
    "editorOverviewRuler.incomingContentForeground": "#b6d2f2",
    "mergeEditor.change.background": "#ffeeeb",
    "mergeEditor.change.word.background": "#ffd5cc",

    "textLink.foreground": "#315fbd",
    "textLink.activeForeground": "#3474f0",

    "settings.modifiedItemIndicator": "#3474f0",
    "settings.dropdownBackground": "#ffffff",
    "settings.dropdownForeground": "#000000",
    "settings.dropdownBorder": "#c8ccd6",
    "settings.checkboxBackground": "#ffffff",
    "settings.checkboxForeground": "#3474f0",
    "settings.checkboxBorder": "#a8adbd",
    "settings.numberInputBackground": "#ffffff",
    "settings.numberInputForeground": "#000000",
    "settings.numberInputBorder": "#c8ccd6",
    "settings.textInputBackground": "#ffffff",
    "settings.textInputForeground": "#000000",
    "settings.textInputBorder": "#c8ccd6",

    "welcomePage.background": "#ffffff",
    "welcomePage.tileBackground": "#f7f8fa",
    "welcomePage.tileHoverBackground": "#ebecf0"
  },
  "semanticHighlighting": true,
  "semanticTokenColors": {
    "namespace": {
      "foreground": "#861194"
    },
    "variable": {
      "foreground": "#238f8f"
    },
    "variable.defaultLibrary": {
      "foreground": "#861194"
    },
    "typeParameter": {
      "foreground": "#238f8f"
    },
    "type": {
      "foreground": "#080808"
    },
    "type.defaultLibrary": {
      "fontStyle": "italic"
    },
    "interface": {
      "foreground": "#080808"
    },
    "interface.defaultLibrary": {
      "fontStyle": "italic"
    },
    "parameter": {
      "foreground": "#080808",
      "fontStyle": "underline"
    },
    "class": {
      "foreground": "#0133b3"
    },
    "class.declaration": {
      "foreground": "#080808"
    },
    "class.defaultLibrary": {
      "foreground": "#861194"
    },
    "property": {
      "foreground": "#861194"
    },
    "property.static": {
      "fontStyle": "italic"
    },
    "method": {
      "foreground": "#914C07"
    },
    "method.static": {
      "foreground": "#006279",
      "fontStyle": "italic"
    }
  },
  "tokenColors": [
    {
      "scope": ["comment"],
      "settings": {
        "foreground": "#8c8c8c",
        "fontStyle": "italic"
      }
    },
    {
      "scope": ["storage.type.class.jsdoc"],
      "settings": {
        "foreground": "#080808",
        "fontStyle": "italic underline"
      }
    },
    {
      "scope": [
        "meta.attribute-selector string.unquoted.attribute-value",
        "meta.property-value variable.argument.css",
        "keyword",
        "keyword.operator.new",
        "keyword.operator.expression",
        "storage",
        "support.type",
        "support.constant.parity.css",
        "constant.language",
        "constant.other.scss",
        "constant.other.color.rgb-value",
        "variable.language",
        "variable.key.dotenv",
        "variable.parameter.keyframe-list.css",
        "variable.parameter.misc.css",
        "entity.name.tag",
        "entity.name.command",
        "entity.other.attribute-name.id",
        "entity.other.attribute-name.id punctuation.definition.entity",
        "entity.other.attribute-name.class",
        "entity.other.attribute-name.pseudo-class",
        "entity.other.attribute-name.pseudo-element",
        "entity.other.attribute-name.css",
        "entity.other.attribute-name.scss",
        "entity.other.attribute-name.attribute.scss",
        "entity.other.attribute-name.parent-selector-suffix punctuation.definition.entity",
        "entity.other.attribute-name.placeholder.css",
        "entity.other.attribute-name.placeholder.css punctuation.definition.entity",
        "entity.other.keyframe-offset",
        "constant.character.escape",
        "punctuation.definition.markdown",
        "punctuation.definition.raw.markdown",
        "punctuation.definition.bold.markdown",
        "punctuation.definition.italic.markdown",
        "punctuation.definition.list.begin.markdown",
        "punctuation.definition.quote.begin.markdown",
        "source.css entity.name.function",
        "source.css support.constant.language-range",
        "source.css support.function"
      ],
      "settings": {
        "foreground": "#0133b3",
        "fontStyle": ""
      }
    },
    {
      "scope": ["punctuation.definition.heading.markdown"],
      "settings": {
        "foreground": "#0133b3",
        "fontStyle": "italic"
      }
    },
    {
      "scope": [
        "entity.name.type.module",
        "entity.name.constant",
        "variable.other.object",
        "variable.other.property",
        "variable.other.object.property",
        "variable.other.constant.property",
        "variable.other.enummember",
        "variable.scss",
        "meta.object-literal.key",
        "meta.definition.property",
        "support.type.property-name.json",
        "support.variable.property",
        "fenced_code"
      ],
      "settings": {
        "foreground": "#861194",
        "fontStyle": ""
      }
    },
    {
      "scope": ["markup.heading"],
      "settings": {
        "foreground": "#861194",
        "fontStyle": "italic"
      }
    },
    {
      "scope": [
        "source.css support.constant",
        "string",
        "markup.inline.raw",
        "markup.quote",
        "punctuation.definition.string",
        "punctuation.definition.metadata.markdown",
        "punctuation.separator.key-value.html",
        "property.value.dotenv",
        "keyword.other.unit",
        "constant.other.character-class.set.regexp",
        "constant.other.character-class.range.regexp",
        "meta.at-rule.each keyword.control.operator",
        "meta.attribute-selector",
        "meta.tag.attributes keyword.operator.assignment"
      ],
      "settings": {
        "foreground": "#077d18"
      }
    },
    {
      "scope": [
        "keyword.control.at-rule.mixin.scss",
        "entity.name.type.parameter",
        "meta.type.parameters entity.name.type",
        "meta.type.infer entity.name.type",
        "variable.other.constant",
        "variable.other.readwrite",
        "support.type.object.module"
      ],
      "settings": {
        "foreground": "#238f8f"
      }
    },
    {
      "scope": [
        "source.vue punctuation.attribute-shorthand",
        "meta.property-list variable.css",
        "entity.other.attribute-name",
        "support.type.property-name",
        "support.type.vendored.property-name",
        "constant.other.character-class.regexp"
      ],
      "settings": {
        "foreground": "#174ad4"
      }
    },
    {
      "scope": [
        "constant.numeric",
        "keyword.operator.quantifier.regexp",
        "string.regexp punctuation.definition.string",
        "string.regexp keyword.other"
      ],
      "settings": {
        "foreground": "#1750eb"
      }
    },
    {
      "scope": [
        "meta.embedded",
        "meta.at-rule.media keyword.control.operator",
        "meta.at-rule.for keyword.control.operator",
        "meta.tag.metadata.doctype.html entity.name.tag",
        "variable.interpolation",
        "variable.other.jsdoc",
        "entity.name.type",
        "entity.name.function.tagged-template",
        "constant.language.import-export-all",
        "string variable",
        "source.yaml string.unquoted",
        "source.yaml constant.language.boolean",
        "keyword.generator.asterisk",
        "keyword.operator",
        "keyword.other.unit.percentage",
        "keyword.other.back-reference.regexp",
        "punctuation.accessor",
        "punctuation.definition.entity",
        "punctuation.separator.key-value",
        "punctuation.definition.template-expression",
        "punctuation.definition.attribute-selector",
        "punctuation.definition.group.regexp",
        "punctuation.definition.group.assertion.regexp",
        "punctuation.definition.character-class.regexp",
        "storage.type.function.arrow"
      ],
      "settings": {
        "foreground": "#080808"
      }
    },
    {
      "scope": [
        "string.other.link",
        "constant.other.reference.link",
        "punctuation.definition.link.title.begin.markdown",
        "punctuation.definition.link.title.end.markdown",
        "punctuation.definition.link.description.begin.markdown",
        "punctuation.definition.link.description.end.markdown"
      ],
      "settings": {
        "foreground": "#016dcc",
        "fontStyle": "underline"
      }
    },
    {
      "scope": ["string.other.link.description.title.markdown"],
      "settings": {
        "foreground": "#016dcc",
        "fontStyle": ""
      }
    },
    {
      "scope": ["entity.name.function"],
      "settings": {
        "foreground": "#006279",
        "fontStyle": ""
      }
    },
    {
      "scope": ["markup.underline.link"],
      "settings": {
        "foreground": "#006279",
        "fontStyle": "italic"
      }
    },
    {
      "scope": ["punctuation.decorator", "meta.decorator entity.name.function"],
      "settings": {
        "foreground": "#9e880d"
      }
    },
    {
      "scope": ["support.class.component"],
      "settings": {
        "foreground": "#ad6339"
      }
    },
    {
      "scope": ["invalid"],
      "settings": {
        "foreground": "#f50000"
      }
    },
    {
      "scope": ["markup.italic"],
      "settings": {
        "fontStyle": "italic"
      }
    },
    {
      "scope": ["markup.bold"],
      "settings": {
        "fontStyle": "bold"
      }
    },
    {
      "scope": ["markup.strikethrough"],
      "settings": {
        "fontStyle": "strikethrough"
      }
    }
  ]
}
