{
	"java.server.mode.switch": "Standard 모드로 전환",
	"java.projectConfiguration.update": "프로젝트 다시 로드",
	"java.project.import": "작업 영역으로 Java 프로젝트 가져오기",
	"java.open.serverLog": "Java Language Server 로그 파일 열기",
	"java.open.serverStdoutLog": "Java Language Server 출력 로그 파일 열기",
	"java.open.serverStderrLog": "Java Language Server 오류 로그 파일 열기",
	"java.open.clientLog": "Java Extension 로그 파일 열기",
	"java.open.logs": "모든 로그 파일 열기",
	"java.workspace.compile": "Java 강제 컴파일",
	"java.project.build": "프로젝트 다시 빌드",
	"java.open.formatter.settings": "Java Formatter 설정 열기",
	"java.clean.workspace": "Java Language Server 작업 영역 정리",
	"java.project.updateSourceAttachment": "Attach Source...",
	"java.project.addToSourcePath": "Java Source 경로에 폴더 추가",
	"java.project.removeFromSourcePath": "Java Source 경로에서 폴더 제거",
	"java.project.listSourcePaths": "모든 Java Source 경로를 나열",
	"java.show.server.task.status": "빌드 작업 상태 표시",
	"java.action.navigateToSuperImplementation": "상위 구현으로 이동",
	"java.action.showTypeHierarchy": "Type 계층 구조 표시",
	"java.action.showClassHierarchy": "Class 계층 구조 표시",
	"java.action.showSupertypeHierarchy": "Supertype 계층 구조 표시",
	"java.action.showSubtypeHierarchy": "Subtype 계층 구조 표시",
	"java.action.changeBaseType": "이 유형을 기준으로",
	"java.project.createModuleInfo.command": "module-info.java 생성",
	"java.action.filesExplorerPasteAction": "클립보드 텍스트를 파일에 붙여넣기",
	"java.action.doCleanup": "정리 작업을 수행합니다"
}
