{
  "command.activateIcons": "Activar los iconos",
  "command.changeArrowTheme": "Deshabilitar flechas delante de carpetas",
  "command.changeFolderColor": "Cambiar color de carpeta",
  "command.changeFolderTheme": "Personalizar iconos de carpetas",
  "command.changeOpacity": "Cambiar la opacidad",
  "command.restoreDefaultConfig": "Restaurar la configuración predeterminada",
  "command.toggleIconPacks": "Configurar paquetes de iconos",
  "configuration.activeIconPacks": "Seleccione un paquete de iconos que permita iconos específicos.",
  "configuration.activeIconPacks.angular": "Iconos de Angular.",
  "configuration.activeIconPacks.nest": "Iconos de NestJS.",
  "configuration.activeIconPacks.ngrx": "Iconos de Angular y ngrx.",
  "configuration.activeIconPacks.none": "No hay ningún paquete de iconos activo.",
  "configuration.activeIconPacks.phalcon": "Iconos de Phalcon.",
  "configuration.activeIconPacks.rails": "Iconos de Rails.",
  "configuration.activeIconPacks.react": "Iconos de React.",
  "configuration.activeIconPacks.recoil": "Iconos de Recoil.",
  "configuration.activeIconPacks.redux": "Iconos de React y Redux.",
  "configuration.activeIconPacks.volt": "Iconos de Volt.",
  "configuration.activeIconPacks.vue": "Iconos de Vue.",
  "configuration.activeIconPacks.vuex": "Iconos de Vue y Vuex.",
  "configuration.files.associations": "Configurar asociaciones personalizadas de iconos de archivos.",
  "configuration.folders.associations": "Configurar asociaciones personalizadas de iconos de carpetas.",
  "configuration.folders.color": "Cambia el color de las carpetas.",
  "configuration.folders.theme": "Seleccione el tipo de iconos de carpeta.",
  "configuration.folders.theme.classic": "Seleccione iconos de carpetas clásicas.",
  "configuration.folders.theme.none": "Sin iconos de carpeta.",
  "configuration.folders.theme.specific": "Seleccione iconos de carpeta específicos.",
  "configuration.languages.associations": "Configurar asociaciones personalizadas de iconos de idioma.",
  "configuration.opacity": "Cambia la opacidad de los iconos.",
  "configuration.showReloadMessage": "Mostrar mensaje de reinicio.",
  "configuration.showUpdateMessage": "Mostrar mensaje al actualizar.",
  "configuration.showWelcomeMessage": "Mostrar mensaje de bienvenida después de la primera instalación.",
  "configuration.title": "Atom Material Icons"
}
