{
  "command.activateIcons": "vuexАктивировать иконки темы",
  "command.changeArrowTheme": "vuexСкрыть стрелки проводника перед папкой",
  "command.changeFolderColor": "vuexИзменить цвет папки",
  "command.changeFolderTheme": "vuexИзменить тему папки",
  "command.changeOpacity": "vuexИзменение непрозрачности",
  "command.restoreDefaultConfig": "vuexВосстановить настройки по умолчанию",
  "command.toggleIconPacks": "vuexНастроить набор иконок",
  "configuration.activeIconPacks": "Выберите набор значков, которые включают определенные значки.",
  "configuration.activeIconPacks.angular": "Иконки для Angular.",
  "configuration.activeIconPacks.nest": "Иконки для NestJS.",
  "configuration.activeIconPacks.ngrx": "Иконки для Angular и ngrx.",
  "configuration.activeIconPacks.none": "Папка с иконками не включена.",
  "configuration.activeIconPacks.phalcon": "Иконки для Phalcon.",
  "configuration.activeIconPacks.rails": "Иконки для Rails.",
  "configuration.activeIconPacks.react": "Иконки для React.",
  "configuration.activeIconPacks.recoil": "Иконки для Recoil.",
  "configuration.activeIconPacks.redux": "Иконки для React и Redux.",
  "configuration.activeIconPacks.volt": "Иконки для Volt.",
  "configuration.activeIconPacks.vue": "Иконки для Vue.",
  "configuration.activeIconPacks.vuex": "Иконки для Vue и Vuex.",
  "configuration.files.associations": "Настройка пользовательских ассоциаций значков файлов.",
  "configuration.folders.associations": "Настройка пользовательских ассоциаций значков папок.",
  "configuration.folders.color": "Изменение цвета иконок папок.",
  "configuration.folders.theme": "Установить тип иконок для папок.",
  "configuration.folders.theme.classic": "Выберите классические значки папок.",
  "configuration.folders.theme.none": "Нет значков папок.",
  "configuration.folders.theme.specific": "Выберите конкретные значки папок.",
  "configuration.languages.associations": "Настройка ассоциаций значков пользовательского языка.",
  "configuration.opacity": "Измените прозрачность значков.",
  "configuration.showReloadMessage": "Показывать сообщение перезагрузки.",
  "configuration.showUpdateMessage": "Показывать сообщение об обновлении после каждого обновления.",
  "configuration.showWelcomeMessage": "Показывать приветственное сообщение после первой установки.",
  "configuration.title": "Atom Material Icons"
}
