{
  "command.activateIcons": "アイコンテーマを有効化",
  "command.changeArrowTheme": "フォルダーの矢印を切り替え",
  "command.changeFolderColor": "フォルダーの色を変更",
  "command.changeFolderTheme": "フォルダーテーマを変更",
  "command.changeOpacity": "不透明度を変更",
  "command.changeSaturation": "彩度を変更",
  "command.restoreDefaultConfig": "初期設定に戻す",
  "command.toggleGrayscale": "グレースケールを切り替え",
  "command.toggleIconPacks": "アイコンパックを設定",
  "configuration.activeIconPacks": "特定のアイコンを有効にするアイコンパックを選択する。",
  "configuration.activeIconPacks.angular": "Angular 用のアイコンです。",
  "configuration.activeIconPacks.nest": "NestJS 用のアイコンです。",
  "configuration.activeIconPacks.ngrx": "Angular と ngrx 用のアイコンです。",
  "configuration.activeIconPacks.none": "アイコンパックは有効ではありません。",
  "configuration.activeIconPacks.phalcon": "Phalcon 用のアイコンです。",
  "configuration.activeIconPacks.rails": "Rails 用のアイコンです。",
  "configuration.activeIconPacks.react": "React 用のアイコンです。",
  "configuration.activeIconPacks.recoil": "Recoil 用のアイコンです。",
  "configuration.activeIconPacks.redux": "React と Redux 用のアイコンです。",
  "configuration.activeIconPacks.volt": "Volt 用のアイ¡コンです。",
  "configuration.activeIconPacks.vue": "Vue 用のアイコンです。",
  "configuration.activeIconPacks.vuex": "Vue と Vuex 用のアイコンです。",
  "configuration.files.associations": "カスタムファイルアイコンの関連付けを設定する。",
  "configuration.folders.associations": "カスタムフォルダーアイコンの関連付けを設定する。",
  "configuration.folders.color": "フォルダーアイコンの色を変更する。",
  "configuration.folders.theme": "フォルダーアイコンの種類を設定する。",
  "configuration.folders.theme.classic": "クラシックフォルダーアイコンを選択する。",
  "configuration.folders.theme.none": "フォルダーアイコンがありません。",
  "configuration.folders.theme.specific": "特定のフォルダーアイコンを選択する。",
  "configuration.languages.associations": "カスタム言語アイコンの関連付けを設定する。",
  "configuration.opacity": "アイコンの不透明度を変更する。",
  "configuration.saturation": "アイコンの彩度を変更する。",
  "configuration.showReloadMessage": "再起動通知を表示する。",
  "configuration.showUpdateMessage": "更新のたびに更新メッセージを表示する。",
  "configuration.showWelcomeMessage": "初回インストール時にウェルカムメッセージを表示する。",
  "configuration.title": "Atom Material Icons"
}
