{
  "command.activateIcons": "Activer les icônes",
  "command.changeArrowTheme": "Configurer les flèches devant les dossiers",
  "command.changeFolderColor": "Changer la couleur du dossier",
  "command.changeFolderTheme": "Changer le thème du dossier",
  "command.changeOpacity": "Changer l'opacité",
  "command.restoreDefaultConfig": "Restaurer le paramètre par défaut",
  "command.toggleIconPacks": "Configurer les Packs d'icônes",
  "configuration.activeIconPacks": "Sélectionner un pack d'icônes qui active des icônes spécifiques.",
  "configuration.activeIconPacks.angular": "Icônes pour Angular.",
  "configuration.activeIconPacks.nest": "Icônes pour NestJS.",
  "configuration.activeIconPacks.ngrx": "Icônes pour Angular et ngrx.",
  "configuration.activeIconPacks.none": "Aucun pack d'icônes n'est actif.",
  "configuration.activeIconPacks.phalcon": "Icônes pour Phalcon.",
  "configuration.activeIconPacks.rails": "Icônes pour Rails.",
  "configuration.activeIconPacks.react": "Icônes pour React.",
  "configuration.activeIconPacks.recoil": "Icônes pour Recoil.",
  "configuration.activeIconPacks.redux": "Icônes pour React et Redux.",
  "configuration.activeIconPacks.volt": "Icônes pour Volt.",
  "configuration.activeIconPacks.vue": "Icônes pour Vue.",
  "configuration.activeIconPacks.vuex": "Icônes pour Vue et Vuex.",
  "configuration.files.associations": "Configurer des associations d'icônes de fichiers personnalisés.",
  "configuration.folders.associations": "Configurer des associations d'icônes de dossier personnalisées.",
  "configuration.folders.color": "Changer la couleur des icônes du dossier.",
  "configuration.folders.theme": "Sélectionner le type d'icônes de dossier.",
  "configuration.folders.theme.classic": "Sélectionner les icônes des dossiers classiques.",
  "configuration.folders.theme.none": "Pas d'icônes de dossier.",
  "configuration.folders.theme.specific": "Sélectionner des icônes de dossiers spécifiques.",
  "configuration.languages.associations": "Configurer des associations d'icônes de langue personnalisées.",
  "configuration.opacity": "Ajuster l'opacité des icônes.",
  "configuration.showReloadMessage": "Afficher le message de redémarrage.",
  "configuration.showUpdateMessage": "Afficher le message de mise à jour.",
  "configuration.showWelcomeMessage": "Afficher le message de bienvenue après l'installation initiale",
  "configuration.title": "Atom Material Icons"
}
