{
  "command.activateIcons": "Activate Icon Theme",
  "command.changeArrowTheme": "Change Arrows Theme",
  "command.changeFolderColor": "Change Folder Color",
  "command.changeFolderTheme": "Change Folder Theme",
  "command.changeOpacity": "Change Opacity",
  "command.changeSaturation": "Change Saturation",
  "command.restoreDefaultConfig": "Restore Default Configuration",
  "command.toggleGrayscale": "Toggle Grayscale",
  "command.toggleIconPacks": "Configure Icon Packs",
  "configuration.activeIconPacks": "Select an icon pack that enables specific icons.",
  "configuration.activeIconPacks.angular": "Icons for Angular.",
  "configuration.activeIconPacks.nest": "Icons for NestJS.",
  "configuration.activeIconPacks.ngrx": "Icons for Angular and ngrx.",
  "configuration.activeIconPacks.none": "No icon pack enabled.",
  "configuration.activeIconPacks.phalcon": "Icons for Phalcon.",
  "configuration.activeIconPacks.rails": "Icons for Rails.",
  "configuration.activeIconPacks.react": "Icons for React.",
  "configuration.activeIconPacks.recoil": "Icons for Recoil.",
  "configuration.activeIconPacks.redux": "Icons for React and Redux.",
  "configuration.activeIconPacks.volt": "Icons for Volt.",
  "configuration.activeIconPacks.vue": "Icons for Vue.",
  "configuration.activeIconPacks.vuex": "Icons for Vue and Vuex.",
  "configuration.arrowTheme": "Configure the style of arrow icons",
  "configuration.arrowTheme.arrow": "Arrows",
  "configuration.arrowTheme.material": "Material (chevrons)",
  "configuration.arrowTheme.none": "No Arrows",
  "configuration.arrowTheme.plusMinus": "Plus-Minus symbols",
  "configuration.arrowTheme.triangle": "Triangles",
  "configuration.files.associations": "Set custom file icon associations.",
  "configuration.folders.associations": "Set custom folder icon associations.",
  "configuration.folders.color": "Change the color of the folder icons.",
  "configuration.folders.theme": "Set the type for the folder icons.",
  "configuration.folders.theme.classic": "Select classic folder icons.",
  "configuration.folders.theme.none": "No folder icons.",
  "configuration.folders.theme.specific": "Select specific folder icons.",
  "configuration.languages.associations": "Set custom language icon associations.",
  "configuration.opacity": "Change the opacity of the icons.",
  "configuration.saturation": "Change the saturation of the icons.",
  "configuration.showReloadMessage": "Show restart notification.",
  "configuration.showUpdateMessage": "Show the update message after each update.",
  "configuration.showWelcomeMessage": "Show the welcome message after first installation.",
  "configuration.title": "Atom Material Icons"
}
