{
  "command.activateIcons": "vuexAktywuj motyw ikon",
  "command.changeArrowTheme": "vuexUkryj strzałki przy folderach",
  "command.changeFolderColor": "vuexZmień kolor folderów",
  "command.changeFolderTheme": "vuexZmień motyw folderów",
  "command.changeOpacity": "vuexZmień przezroczystość",
  "command.changeSaturation": "vuexZmień nasycenie ikon",
  "command.restoreDefaultConfig": "vuexPrzywróć domyślne ustawienia",
  "command.toggleGrayscale": "vuexPrzełącz czarno-białe ikony",
  "command.toggleIconPacks": "vuexSkonfiguruj paczki ikon",
  "configuration.activeIconPacks": "Wybierz paczkę dla niektórych ikon.",
  "configuration.activeIconPacks.angular": "Ikony dla Angulara.",
  "configuration.activeIconPacks.nest": "Ikony dla NestJS.",
  "configuration.activeIconPacks.ngrx": "Ikony dla Angulara i ngrx.",
  "configuration.activeIconPacks.none": "Brak włączonej paczki ikon.",
  "configuration.activeIconPacks.phalcon": "Ikony dla Phalcon.",
  "configuration.activeIconPacks.rails": "Ikony dla Rails.",
  "configuration.activeIconPacks.react": "Ikony dla Reacta.",
  "configuration.activeIconPacks.recoil": "Ikony dla Recoil.",
  "configuration.activeIconPacks.redux": "Ikony dla Reacta i Reduxa.",
  "configuration.activeIconPacks.volt": "Ikony dla Volt.",
  "configuration.activeIconPacks.vue": "Ikony dla Vue.",
  "configuration.activeIconPacks.vuex": "Ikony dla Vue i Vuex.",
  "configuration.files.associations": "Ustaw niestandardowe ikony plików.",
  "configuration.folders.associations": "Ustaw niestandardowe ikony folderów.",
  "configuration.folders.color": "Zmień kolor ikon folderów.",
  "configuration.folders.theme": "Wybierz typ ikon folderów.",
  "configuration.folders.theme.classic": "Wybierz klasyczne ikony folderów.",
  "configuration.folders.theme.none": "Brak ikon folderów.",
  "configuration.folders.theme.specific": "Wybierz ikony folderów.",
  "configuration.languages.associations": "Ustaw niestandardowe ikony języków.",
  "configuration.opacity": "Zmień przezroczystość ikon.",
  "configuration.saturation": "Zmień nasycenie ikon.",
  "configuration.showReloadMessage": "Wyświetl wiadomość o restarcie.",
  "configuration.showUpdateMessage": "Wyświetl wiadomość po każdej aktualizacji.",
  "configuration.showWelcomeMessage": "Wyświetl wiadomość powitalną przy pierwszej instalacji.",
  "configuration.title": "Atom Material Icons"
}
