{
  "command.activateIcons": "vuexAtivar tema de ícones",
  "command.changeArrowTheme": "vuexOcultar as setas ao lado das pastas",
  "command.changeFolderColor": "vuexAlterar cor das pastas",
  "command.changeFolderTheme": "vuexAlterar tema das pastas",
  "command.changeOpacity": "vuexAlterar a opacidade",
  "command.restoreDefaultConfig": "vuexRestaurar configuração padrão",
  "command.toggleIconPacks": "vuexConfigurar pacote de ícones",
  "configuration.activeIconPacks": "Selecione um pacote de ícones que habilitam ícones específicos.",
  "configuration.activeIconPacks.angular": "Ícones para Angular.",
  "configuration.activeIconPacks.nest": "Ícones para NestJS.",
  "configuration.activeIconPacks.ngrx": "Ícones para Angular e ngrx.",
  "configuration.activeIconPacks.none": "Nenhum pacote de ícones ativado.",
  "configuration.activeIconPacks.phalcon": "Ícones para Phalcon.",
  "configuration.activeIconPacks.rails": "Ícones para Rails.",
  "configuration.activeIconPacks.react": "Ícones para React.",
  "configuration.activeIconPacks.recoil": "Ícones para Recoil.",
  "configuration.activeIconPacks.redux": "Ícones para React e ngrx.",
  "configuration.activeIconPacks.volt": "Ícones para Volt.",
  "configuration.activeIconPacks.vue": "Ícones para Vue.",
  "configuration.activeIconPacks.vuex": "Ícones para Vue e Vuex.",
  "configuration.files.associations": "Definir ícones para associações de arquivos customizadas.",
  "configuration.folders.associations": "Definir ícones para associações de pastas customizadas.",
  "configuration.folders.color": "Alterar a cor dos ícones das pastas.",
  "configuration.folders.theme": "Definir o tipo dos ícones das pastas.",
  "configuration.folders.theme.classic": "Selecione ícones de pastas clássicas.",
  "configuration.folders.theme.none": "Nenhum ícone de pasta.",
  "configuration.folders.theme.specific": "Selecione ícones de pastas específicas.",
  "configuration.languages.associations": "Definir ícones para associações de idiomas customizadas.",
  "configuration.opacity": "Alterar a opacidade dos ícones.",
  "configuration.showReloadMessage": "Mostrar mensagem da reinicialização.",
  "configuration.showUpdateMessage": "Mostrar mensagem de atualização após cada atualização.",
  "configuration.showWelcomeMessage": "Mostrar mensagem de bem-vindo após a primeira instalação.",
  "configuration.title": "Atom Material Icons"
}
