{
  "command.activateIcons": "vuex激活Atom Material Icons文件圖標主題",
  "command.changeArrowTheme": "vuex隱藏文件夾箭頭",
  "command.changeFolderColor": "vuex更改文件夾顏色",
  "command.changeFolderTheme": "vuex切換文件夾圖標",
  "command.changeOpacity": "vuex改變不透明度",
  "command.restoreDefaultConfig": "vuex恢復默認設置",
  "command.toggleIconPacks": "vuex選擇一個圖標包",
  "configuration.activeIconPacks": "選擇一個圖標包。",
  "configuration.activeIconPacks.angular": "Angular的圖標。",
  "configuration.activeIconPacks.nest": "NestJS的圖標。",
  "configuration.activeIconPacks.ngrx": "Angular和ngrx的圖標。",
  "configuration.activeIconPacks.none": "沒有啟用圖標包。",
  "configuration.activeIconPacks.phalcon": "Phalcon的圖標。",
  "configuration.activeIconPacks.rails": "Rails的圖標。",
  "configuration.activeIconPacks.react": "React的圖標。",
  "configuration.activeIconPacks.recoil": "Recoil的圖標。",
  "configuration.activeIconPacks.redux": "React和Redux的圖標。",
  "configuration.activeIconPacks.volt": "Volt的圖標。",
  "configuration.activeIconPacks.vue": "Vue的圖標。",
  "configuration.activeIconPacks.vuex": "Vue和Vuex的圖標。",
  "configuration.files.associations": "設置自定義文件圖標關聯。",
  "configuration.folders.associations": "設置自定義文件夾圖標關聯。",
  "configuration.folders.color": "更改文件夾圖標的顏色。",
  "configuration.folders.theme": "設置文件夾圖標的類型。",
  "configuration.folders.theme.classic": "選擇經典文件夾圖標。",
  "configuration.folders.theme.none": "沒有文件夾圖標。",
  "configuration.folders.theme.specific": "選擇特定文件夾圖標。",
  "configuration.languages.associations": "定義自定義語言映射的圖標。",
  "configuration.opacity": "更改圖標的透明度。",
  "configuration.showReloadMessage": "顯示重啟消息。",
  "configuration.showUpdateMessage": "更新後顯示升級信息。",
  "configuration.showWelcomeMessage": "首次安裝後顯示歡迎信息。",
  "configuration.title": "Atom Material Icons"
}
