{
  "command.activateIcons": "vuexHabilitar tema de ícones",
  "command.changeArrowTheme": "vuexEsconder as setas ao lado dos directórios",
  "command.changeFolderColor": "vuexAlterar cor dos directórios",
  "command.changeFolderTheme": "vuexAlterar tema dos directórios",
  "command.changeOpacity": "vuexAlterar a opacidade",
  "command.restoreDefaultConfig": "vuexRestaurar configuração padrão",
  "command.toggleIconPacks": "vuexConfigurar pacote de ícones",
  "configuration.activeIconPacks": "Selecciona um pacote de ícones que habilitam ícones específicos.",
  "configuration.activeIconPacks.angular": "Ícones para Angular.",
  "configuration.activeIconPacks.nest": "Ícones para NestJS.",
  "configuration.activeIconPacks.ngrx": "Ícones para Angular e ngrx.",
  "configuration.activeIconPacks.none": "Nenhum pacote de ícones ativado.",
  "configuration.activeIconPacks.phalcon": "Ícones para Phalcon.",
  "configuration.activeIconPacks.rails": "Ícones para Rails.",
  "configuration.activeIconPacks.react": "Ícones para React.",
  "configuration.activeIconPacks.recoil": "Ícones para Recoil.",
  "configuration.activeIconPacks.redux": "Ícones para React e ngrx.",
  "configuration.activeIconPacks.volt": "Ícones para Volt.",
  "configuration.activeIconPacks.vue": "Ícones para Vue.",
  "configuration.activeIconPacks.vuex": "Ícones para Vue e Vuex.",
  "configuration.files.associations": "Definir ícones para associações de ficheiros peronslizados.",
  "configuration.folders.associations": "Definir ícones para associações de directórios personalizados.",
  "configuration.folders.color": "Alterar a cor dos ícones dos directórios.",
  "configuration.folders.theme": "Definir o formato dos ícones dos directórios.",
  "configuration.folders.theme.classic": "Selecciona ícones de pastas clássicas.",
  "configuration.folders.theme.none": "Nenhum ícone de pasta.",
  "configuration.folders.theme.specific": "Selecciona ícones de pastas específicas.",
  "configuration.languages.associations": "Definir ícones para associações de idiomas personalizados.",
  "configuration.opacity": "Alterar a opacidade dos ícones.",
  "configuration.showReloadMessage": "Exibir mensagem da reinicialização.",
  "configuration.showUpdateMessage": "Exibir mensagem de actualização após cada actualização.",
  "configuration.showWelcomeMessage": "Exibir mensagem de boas-vindas após a primeira instalação.",
  "configuration.title": "Atom Material Icons"
}
