{
  "command.activateIcons": "Activeer Icon Thema",
  "command.changeArrowTheme": "Configureer Folder Pijlen",
  "command.changeFolderColor": "Verander Folder Kleur",
  "command.changeFolderTheme": "Verander Folder Thema",
  "command.changeOpacity": "Verander Doorzichtbaarheid",
  "command.changeSaturation": "Verander Saturatie",
  "command.restoreDefaultConfig": "Zet Standaard Configuratie Terug",
  "command.toggleGrayscale": "Zet Grijstinten Aan Of Uit",
  "command.toggleIconPacks": "Configureer Icon Packs",
  "configuration.activeIconPacks": "Selecteer een iconpakket dat bepaalde icons inschakelt.",
  "configuration.activeIconPacks.angular": "Icons voor Angular.",
  "configuration.activeIconPacks.nest": "Icons voor NestJS.",
  "configuration.activeIconPacks.ngrx": "Icons voor Angular en ngrx.",
  "configuration.activeIconPacks.none": "Geen iconpakket ingeschakeld.",
  "configuration.activeIconPacks.phalcon": "Icons voor Phalcon.",
  "configuration.activeIconPacks.rails": "Icons voor Rails.",
  "configuration.activeIconPacks.react": "Icons voor React.",
  "configuration.activeIconPacks.recoil": "Icons voor Recoil.",
  "configuration.activeIconPacks.redux": "Icons for React en Redux.",
  "configuration.activeIconPacks.volt": "Icons voor Volt.",
  "configuration.activeIconPacks.vue": "Icons voor Vue.",
  "configuration.activeIconPacks.vuex": "Icons voor Vue en Vuex.",
  "configuration.files.associations": "Stel eigen bestandsiconen in.",
  "configuration.folders.associations": "Stel eigen foldericonen in.",
  "configuration.folders.color": "Verander de kleur van de foldericons.",
  "configuration.folders.theme": "Kies het type foldericons.",
  "configuration.folders.theme.classic": "Selecteer klassieke foldericons.",
  "configuration.folders.theme.none": "Geen foldericons.",
  "configuration.folders.theme.specific": "Selecteer bepaalde foldericons.",
  "configuration.languages.associations": "Stel eigen taaliconen in.",
  "configuration.opacity": "Verander de doorzichtbaarheid van de icons.",
  "configuration.saturation": "Verander de saturatie van de icons.",
  "configuration.showReloadMessage": "Laat de herstartnotificatie zien.",
  "configuration.showUpdateMessage": "Laat het updatebericht zien na elke update.",
  "configuration.showWelcomeMessage": "Laat het welkomstbericht zien na de eerste installatie.",
  "configuration.title": "Atom Material Icons"
}
